fees_ID,student_ID,student_name,course_ID,semester_ID,fees_charged,fees_paid
FEE0001,SCT211-0001/2023,Lisa Mcdonald,SE001,SEM0318,71528.18,20810.98
FEE0002,SCT211-0002/2024,Daniel Kim,IT001,SEM0099,56620.69,20814.38
FEE0003,SCT211-0003/2022,Jacob Tate,CS001,SEM0951,55478.98,9623.57
FEE0004,SCT211-0004/2022,Kimberly Wall,CS001,SEM0232,71159.1,19354.99
FEE0005,SCT211-0005/2023,Richard Cuevas,AFT2202,SEM0873,84712.45,37956.88
FEE0006,SCT211-0006/2024,Darren Harper,BCT2101,SEM0244,90045.07,7457.41
FEE0007,SCT211-0007/2022,Robert Meyer,AFT2202,SEM0694,50407.12,41910.64
FEE0008,SCT211-0008/2022,Ricky Lee,CS001,SEM0447,93347.07,61480.79
FEE0009,SCT211-0009/2021,Scott Carey,PMI2203,SEM0878,91154.86,73815.61
FEE0010,SCT211-0010/2023,Angela Thompson,PMI2203,SEM0594,94755.02,72427.63
FEE0011,SCT211-0011/2021,Tamara Thompson,CS001,SEM0682,84766.8,13538.11
FEE0012,SCT211-0012/2024,Alexandria Reeves,SE001,SEM0962,93161.68,21225.1
FEE0013,SCT211-0013/2021,Heather Young,BCT2101,SEM0663,59099.25,21850.8
FEE0014,SCT211-0014/2023,Vincent Lutz,CS001,SEM0304,88286.83,29776.84
FEE0015,SCT211-0015/2024,Monica Sanchez,IT001,SEM0405,90647.79,72977.33
FEE0016,SCT211-0016/2021,Edward Burch,PMI2203,SEM0333,97939.96,49987.19
FEE0017,SCT211-0017/2023,Ashlee Mosley,SE001,SEM0748,62819.98,41226.0
FEE0018,SCT211-0018/2024,Andrew Shields,PMI2203,SEM0855,68793.83,15074.17
FEE0019,SCT211-0019/2022,Jason Griffin,SE001,SEM0190,56969.55,51384.95
FEE0020,SCT211-0020/2023,Andre Ellis,IT001,SEM0161,87648.52,78039.41
FEE0021,SCT211-0021/2024,Kaitlin Ramirez,AFT2202,SEM0082,63931.63,37207.34
FEE0022,SCT211-0022/2023,Jeffrey Hernandez,CS001,SEM0176,65674.12,35676.39
FEE0023,SCT211-0023/2024,Dominic Gallagher,PMI2203,SEM0753,55932.44,33644.4
FEE0024,SCT211-0024/2023,Joseph Yates,BCT2101,SEM0896,67677.42,55198.82
FEE0025,SCT211-0025/2024,Kimberly Jones,BCT2101,SEM0059,66007.25,43535.09
FEE0026,SCT211-0026/2023,Jennifer Gregory,SE001,SEM0303,73984.65,14329.61
FEE0027,SCT211-0027/2023,Melissa Cruz,CS001,SEM0658,77474.96,53163.07
FEE0028,SCT211-0028/2023,Robert Stewart,AFT2202,SEM0098,71174.19,20656.08
FEE0029,SCT211-0029/2024,Brenda Pierce,BCT2101,SEM0508,61431.26,1608.86
FEE0030,SCT211-0030/2023,Charlene Taylor,CS001,SEM0855,65352.13,57051.1
FEE0031,SCT211-0031/2024,Mary Gilbert,IT001,SEM0583,59986.17,10333.1
FEE0032,SCT211-0032/2022,Brianna Rodriguez,SE001,SEM0485,51144.63,38753.31
FEE0033,SCT211-0033/2024,Debra Kim,CS001,SEM0348,75596.51,34097.49
FEE0034,SCT211-0034/2023,Richard Williams,IT001,SEM0496,84007.41,20002.44
FEE0035,SCT211-0035/2023,Amanda Beard,AFT2202,SEM0321,75866.12,74998.76
FEE0036,SCT211-0036/2021,Courtney Robles,IT001,SEM0840,94981.74,46952.11
FEE0037,SCT211-0037/2022,Alex Jones,PMI2203,SEM0707,58947.86,34058.56
FEE0038,SCT211-0038/2021,Derek Mayo,BCT2101,SEM0116,77118.47,66239.68
FEE0039,SCT211-0039/2022,Cynthia Avila,PMI2203,SEM0654,55266.96,4243.17
FEE0040,SCT211-0040/2021,William Smith,AFT2202,SEM0859,89523.17,73694.3
FEE0041,SCT211-0041/2022,Samuel Luna,PMI2203,SEM0196,72409.52,67732.24
FEE0042,SCT211-0042/2021,Raymond Nelson,BCT2101,SEM0156,59553.86,10645.7
FEE0043,SCT211-0043/2021,Mr. Jacob Moyer,CS001,SEM0151,53145.82,29041.63
FEE0044,SCT211-0044/2021,Laurie Campos,AFT2202,SEM0375,80585.3,33363.38
FEE0045,SCT211-0045/2024,Edward Robinson,IT001,SEM0369,61415.36,54379.0
FEE0046,SCT211-0046/2023,Charles Gomez,IT001,SEM0346,68437.29,4099.6
FEE0047,SCT211-0047/2021,Austin Collins,SE001,SEM0179,72834.01,67130.04
FEE0048,SCT211-0048/2022,Kristina Miller,BCT2101,SEM0930,52525.67,3495.69
FEE0049,SCT211-0049/2021,Joseph Campbell,PMI2203,SEM0304,77245.77,11075.67
FEE0050,SCT211-0050/2023,Melinda Fisher,BCT2101,SEM0324,59164.22,31813.52
FEE0051,SCT211-0051/2024,Scott Wilson,IT001,SEM0428,77902.9,42347.49
FEE0052,SCT211-0052/2023,Gerald Weber,IT001,SEM0826,59581.43,31589.0
FEE0053,SCT211-0053/2023,Laura Castillo,PMI2203,SEM0123,98383.08,58209.54
FEE0054,SCT211-0054/2024,Crystal Page,AFT2202,SEM0313,95311.25,31005.34
FEE0055,SCT211-0055/2021,Nicholas Gibson,SE001,SEM0294,76901.89,65317.97
FEE0056,SCT211-0056/2021,Ryan Reyes,PMI2203,SEM0716,97501.19,34010.72
FEE0057,SCT211-0057/2024,Joseph Benitez,AFT2202,SEM0868,54931.96,4726.96
FEE0058,SCT211-0058/2021,John Hancock,BCT2101,SEM0349,72916.53,60846.82
FEE0059,SCT211-0059/2022,Jeremiah Davenport,BCT2101,SEM0767,76029.71,5920.29
FEE0060,SCT211-0060/2022,Douglas Roberts,BCT2101,SEM0368,58428.98,52105.56
FEE0061,SCT211-0061/2024,Emily Williams,CS001,SEM0036,58435.58,6705.15
FEE0062,SCT211-0062/2023,Lauren Brooks,CS001,SEM0055,50436.17,46247.66
FEE0063,SCT211-0063/2022,Charlene Washington,AFT2202,SEM0730,56880.34,23525.79
FEE0064,SCT211-0064/2021,Rebecca Stephens,IT001,SEM0491,99252.82,14839.5
FEE0065,SCT211-0065/2022,Abigail Robinson,SE001,SEM0166,56478.81,49852.72
FEE0066,SCT211-0066/2024,Chelsea Michael,SE001,SEM0002,55648.72,46733.59
FEE0067,SCT211-0067/2023,Ronald Reese,PMI2203,SEM0211,76844.24,73110.12
FEE0068,SCT211-0068/2023,Patricia Obrien,CS001,SEM0016,84243.65,24161.05
FEE0069,SCT211-0069/2023,Jason Gates,SE001,SEM0708,88688.45,71322.5
FEE0070,SCT211-0070/2024,Taylor Ryan,AFT2202,SEM0150,57077.96,35611.45
FEE0071,SCT211-0071/2024,Juan Rogers,SE001,SEM0898,74005.27,66551.55
FEE0072,SCT211-0072/2022,Shannon Carpenter,IT001,SEM0359,97998.95,59500.03
FEE0073,SCT211-0073/2024,Kimberly Clark,AFT2202,SEM0999,65879.63,47566.94
FEE0074,SCT211-0074/2024,Taylor Odonnell,CS001,SEM0182,72931.48,12935.69
FEE0075,SCT211-0075/2022,Alexandra Sellers,AFT2202,SEM0641,76272.29,20278.49
FEE0076,SCT211-0076/2021,Yesenia Shah,IT001,SEM0678,50718.52,47158.44
FEE0077,SCT211-0077/2024,Anne Phillips,IT001,SEM0397,98390.72,82348.59
FEE0078,SCT211-0078/2024,Richard Stewart,BCT2101,SEM0942,52991.26,7810.14
FEE0079,SCT211-0079/2021,Kerry Johnson,BCT2101,SEM0703,70802.93,70665.5
FEE0080,SCT211-0080/2023,Adrian Norris,AFT2202,SEM0405,62295.68,4330.54
FEE0081,SCT211-0081/2022,Jennifer Reed,IT001,SEM0836,89492.31,7450.94
FEE0082,SCT211-0082/2021,Jon Harris,IT001,SEM0893,92591.74,5632.58
FEE0083,SCT211-0083/2023,Jessica Dixon,BCT2101,SEM0114,80739.29,67853.99
FEE0084,SCT211-0084/2023,Bryan Parker,PMI2203,SEM0086,58269.83,4424.13
FEE0085,SCT211-0085/2021,Dylan Mcbride,IT001,SEM0577,64196.42,46536.04
FEE0086,SCT211-0086/2023,Patrick Edwards,CS001,SEM0222,94749.96,12853.79
FEE0087,SCT211-0087/2023,Bryan Thomas,AFT2202,SEM0135,63454.97,44529.22
FEE0088,SCT211-0088/2021,Anthony Brooks,IT001,SEM0538,61613.34,28057.86
FEE0089,SCT211-0089/2022,Jennifer Jackson,SE001,SEM0701,56696.47,15076.44
FEE0090,SCT211-0090/2022,Michelle Hicks,PMI2203,SEM0613,90225.01,46825.37
FEE0091,SCT211-0091/2021,Amber Brown,AFT2202,SEM0084,81254.55,42166.68
FEE0092,SCT211-0092/2022,Samuel Holder,SE001,SEM0791,86521.42,51172.64
FEE0093,SCT211-0093/2021,Stacey Adams,CS001,SEM0927,85979.07,59062.69
FEE0094,SCT211-0094/2022,Alex Mahoney,PMI2203,SEM0230,99822.25,46396.08
FEE0095,SCT211-0095/2023,Bruce Flores,PMI2203,SEM0962,68843.95,2960.11
FEE0096,SCT211-0096/2021,Rebekah Brown,IT001,SEM0116,51336.57,24482.35
FEE0097,SCT211-0097/2021,Jesse Medina DDS,BCT2101,SEM0313,97701.74,39649.49
FEE0098,SCT211-0098/2022,John Kelly,CS001,SEM0466,56560.48,40844.61
FEE0099,SCT211-0099/2021,Teresa Schneider,CS001,SEM0901,79739.48,54031.74
FEE0100,SCT211-0100/2021,Daniel Johnson,BCT2101,SEM0532,87376.68,21202.86
FEE0101,SCT211-0101/2022,Daniel Wise,IT001,SEM0608,91826.52,61711.22
FEE0102,SCT211-0102/2023,Michael Boyer,PMI2203,SEM0630,65656.6,32730.02
FEE0103,SCT211-0103/2022,Phillip Campbell,SE001,SEM0014,65646.86,62686.0
FEE0104,SCT211-0104/2022,Elizabeth Marsh,CS001,SEM0158,84205.65,25272.37
FEE0105,SCT211-0105/2021,Miguel Arias,AFT2202,SEM0576,61270.62,28195.04
FEE0106,SCT211-0106/2022,Veronica Haynes,SE001,SEM0932,77950.54,47286.39
FEE0107,SCT211-0107/2021,Jasmine Conner,AFT2202,SEM0580,71146.23,40191.45
FEE0108,SCT211-0108/2022,William Greene,CS001,SEM0932,89837.51,55622.76
FEE0109,SCT211-0109/2024,Amanda Baker,SE001,SEM0468,69187.01,35091.07
FEE0110,SCT211-0110/2022,Whitney Bartlett,CS001,SEM0650,50580.79,29268.54
FEE0111,SCT211-0111/2021,Brittany Liu,BCT2101,SEM0677,81187.11,61260.84
FEE0112,SCT211-0112/2021,Veronica Becker,AFT2202,SEM0165,78694.92,17123.89
FEE0113,SCT211-0113/2022,Erin Jones,PMI2203,SEM0905,86015.83,70810.69
FEE0114,SCT211-0114/2024,Roberto Mcguire,SE001,SEM0134,68625.32,58273.07
FEE0115,SCT211-0115/2022,Jessica Smith,CS001,SEM0705,71827.22,32261.05
FEE0116,SCT211-0116/2023,Thomas Poole,CS001,SEM0341,53565.06,49012.59
FEE0117,SCT211-0117/2023,Jodi Jones,IT001,SEM0168,85420.37,36881.92
FEE0118,SCT211-0118/2024,Tami Ross,PMI2203,SEM0748,98220.73,54617.71
FEE0119,SCT211-0119/2024,Martha Mcgee,BCT2101,SEM0691,90261.89,918.38
FEE0120,SCT211-0120/2023,Belinda Knight,IT001,SEM0584,90505.68,83983.55
FEE0121,SCT211-0121/2023,Kimberly Roberts,PMI2203,SEM0800,89185.5,48707.76
FEE0122,SCT211-0122/2024,Sean Hicks,PMI2203,SEM0271,61351.05,17133.52
FEE0123,SCT211-0123/2024,Daniel Brown,PMI2203,SEM0477,55904.01,30641.67
FEE0124,SCT211-0124/2024,Jessica Harris,BCT2101,SEM0030,87794.48,35774.97
FEE0125,SCT211-0125/2021,James Serrano,BCT2101,SEM0081,87483.17,3783.86
FEE0126,SCT211-0126/2023,Charles Thompson,CS001,SEM0185,64101.68,46624.18
FEE0127,SCT211-0127/2023,Tiffany Robinson,SE001,SEM0776,55207.7,28617.29
FEE0128,SCT211-0128/2021,Shawna Hamilton,IT001,SEM0071,80163.22,44435.44
FEE0129,SCT211-0129/2024,Barbara Rodriguez,BCT2101,SEM0058,53218.93,40871.66
FEE0130,SCT211-0130/2024,James Simmons,CS001,SEM0012,67503.04,12322.54
FEE0131,SCT211-0131/2021,Hannah Robertson,BCT2101,SEM0346,97638.21,74603.52
FEE0132,SCT211-0132/2021,Denise Shepard,PMI2203,SEM0478,80454.46,28328.53
FEE0133,SCT211-0133/2021,Christopher Johnson,BCT2101,SEM0291,52142.54,16864.17
FEE0134,SCT211-0134/2022,Brittany Weber,BCT2101,SEM0674,84577.49,14718.26
FEE0135,SCT211-0135/2023,Jonathan Salinas,PMI2203,SEM0958,55351.1,30517.45
FEE0136,SCT211-0136/2022,Renee Riggs,AFT2202,SEM0067,56991.93,34892.87
FEE0137,SCT211-0137/2024,Mr. Aaron Lee,SE001,SEM0748,80773.82,32423.14
FEE0138,SCT211-0138/2023,Anthony Rice,BCT2101,SEM0417,58939.68,18124.18
FEE0139,SCT211-0139/2022,Ryan Reyes,IT001,SEM0105,52654.16,20753.21
FEE0140,SCT211-0140/2021,Jerry Wilkins,PMI2203,SEM0260,63121.83,6532.97
FEE0141,SCT211-0141/2021,Louis Shepherd,CS001,SEM0174,62443.15,40319.37
FEE0142,SCT211-0142/2024,Danny Morse,AFT2202,SEM0680,71644.69,61126.94
FEE0143,SCT211-0143/2023,Eric Eaton,CS001,SEM0526,93431.86,61433.99
FEE0144,SCT211-0144/2024,Janice Stevens,IT001,SEM0230,74339.44,20690.46
FEE0145,SCT211-0145/2022,Kelly Edwards,IT001,SEM0380,54088.88,38023.93
FEE0146,SCT211-0146/2023,Stephanie Scott,AFT2202,SEM0683,93454.85,59286.39
FEE0147,SCT211-0147/2021,Kathleen Horn,AFT2202,SEM0273,76644.63,15741.24
FEE0148,SCT211-0148/2021,Amber Jones,PMI2203,SEM0253,55741.58,42109.32
FEE0149,SCT211-0149/2022,Devin Castillo,AFT2202,SEM0726,52815.66,49961.54
FEE0150,SCT211-0150/2022,Timothy Curry,BCT2101,SEM0708,86217.05,20005.67
FEE0151,SCT211-0151/2022,Cole Cohen,AFT2202,SEM0389,64609.12,3674.45
FEE0152,SCT211-0152/2023,Andrew Smith,SE001,SEM0333,91473.67,67646.6
FEE0153,SCT211-0153/2023,Kevin Murray,SE001,SEM0271,90093.46,53965.12
FEE0154,SCT211-0154/2021,Alexandra Campbell,AFT2202,SEM0641,94945.78,90824.29
FEE0155,SCT211-0155/2022,Andrew Adams,AFT2202,SEM0370,83401.04,55551.63
FEE0156,SCT211-0156/2024,Todd Schwartz,SE001,SEM0714,75193.06,30809.31
FEE0157,SCT211-0157/2021,Samantha Webb,BCT2101,SEM0782,61848.18,38528.36
FEE0158,SCT211-0158/2023,Lauren Garcia,BCT2101,SEM0797,92519.44,82506.03
FEE0159,SCT211-0159/2023,Jason Cook,CS001,SEM0252,65450.99,31600.08
FEE0160,SCT211-0160/2022,John Brown,AFT2202,SEM0932,66628.62,16944.15
FEE0161,SCT211-0161/2023,Michael White,SE001,SEM0382,88736.81,75678.96
FEE0162,SCT211-0162/2024,Rhonda Chapman,SE001,SEM0970,82665.17,54364.76
FEE0163,SCT211-0163/2022,Amber Boyd,SE001,SEM0405,94386.19,88673.51
FEE0164,SCT211-0164/2023,James Russell,PMI2203,SEM0616,51534.21,28628.78
FEE0165,SCT211-0165/2023,Denise Branch,AFT2202,SEM0297,78023.14,62601.98
FEE0166,SCT211-0166/2023,Matthew Osborn,PMI2203,SEM0196,92360.03,37384.54
FEE0167,SCT211-0167/2021,Jill Rodriguez,CS001,SEM0435,79414.31,42569.73
FEE0168,SCT211-0168/2023,Robert Medina,SE001,SEM0192,76179.22,51557.91
FEE0169,SCT211-0169/2021,Justin Simpson,SE001,SEM0299,71038.93,9054.46
FEE0170,SCT211-0170/2022,Sandra Munoz,CS001,SEM0652,86329.33,82795.33
FEE0171,SCT211-0171/2022,Terry Hoffman,IT001,SEM0270,98562.17,21709.52
FEE0172,SCT211-0172/2022,Brandon Simpson,AFT2202,SEM0186,84399.22,8480.94
FEE0173,SCT211-0173/2021,Natasha Garcia,PMI2203,SEM0553,61167.72,4612.0
FEE0174,SCT211-0174/2021,Michael Duncan,SE001,SEM0689,54448.03,19850.04
FEE0175,SCT211-0175/2024,Sarah Perkins,PMI2203,SEM0538,61159.85,15460.57
FEE0176,SCT211-0176/2024,Rickey Green,IT001,SEM0906,90285.94,34996.12
FEE0177,SCT211-0177/2021,Adam Smith,IT001,SEM0696,90846.9,68083.52
FEE0178,SCT211-0178/2024,Kristie Smith,AFT2202,SEM0608,82868.12,74349.91
FEE0179,SCT211-0179/2022,Katrina Rice,AFT2202,SEM0963,69412.94,66473.51
FEE0180,SCT211-0180/2022,Joseph Rodriguez,IT001,SEM0419,70900.1,24985.78
FEE0181,SCT211-0181/2024,Lisa Trujillo,BCT2101,SEM0127,76359.58,66723.17
FEE0182,SCT211-0182/2024,Pamela Lopez,BCT2101,SEM0583,87187.82,71113.69
FEE0183,SCT211-0183/2021,Marcus Winters,SE001,SEM0071,70760.42,25890.92
FEE0184,SCT211-0184/2023,Tiffany Nunez,BCT2101,SEM0590,87874.66,85162.84
FEE0185,SCT211-0185/2021,Joshua Reyes,SE001,SEM0580,84918.69,1218.63
FEE0186,SCT211-0186/2024,Sarah Curtis,PMI2203,SEM0945,72031.81,30614.85
FEE0187,SCT211-0187/2024,Susan Pacheco,SE001,SEM0366,52688.82,33363.64
FEE0188,SCT211-0188/2022,Ronnie Perez,BCT2101,SEM0454,90047.02,85351.89
FEE0189,SCT211-0189/2021,Mary Gallagher,SE001,SEM0425,77954.66,33943.94
FEE0190,SCT211-0190/2023,Amy Graham,AFT2202,SEM0572,83057.23,29299.09
FEE0191,SCT211-0191/2023,Anthony Blair,AFT2202,SEM0916,74803.0,54213.4
FEE0192,SCT211-0192/2021,Anthony Willis,CS001,SEM0235,85102.76,55978.46
FEE0193,SCT211-0193/2021,Scott Rose,IT001,SEM0284,58211.09,49890.48
FEE0194,SCT211-0194/2024,Kathleen Diaz,BCT2101,SEM0544,60294.0,46978.57
FEE0195,SCT211-0195/2024,Natasha Martinez,IT001,SEM0222,99134.35,50097.88
FEE0196,SCT211-0196/2021,Steven Skinner,AFT2202,SEM0039,81649.0,77284.15
FEE0197,SCT211-0197/2022,Andrea Long,CS001,SEM0419,52139.88,20259.5
FEE0198,SCT211-0198/2022,Stephanie Williams,PMI2203,SEM0459,74845.93,27335.09
FEE0199,SCT211-0199/2023,Darrell Miranda,IT001,SEM0011,99814.28,90281.32
FEE0200,SCT211-0200/2023,Daniel Richardson,SE001,SEM0824,51557.19,50042.82
FEE0201,SCT211-0201/2024,Erin Whitaker,CS001,SEM0509,78196.63,70169.29
FEE0202,SCT211-0202/2023,Anthony Hernandez,SE001,SEM0481,69894.54,46517.79
FEE0203,SCT211-0203/2023,Holly Rogers,SE001,SEM0631,80764.58,44293.47
FEE0204,SCT211-0204/2023,Andrew Santana Jr.,PMI2203,SEM0469,85786.37,12613.74
FEE0205,SCT211-0205/2021,John Wolf,CS001,SEM0623,76091.12,19104.19
FEE0206,SCT211-0206/2021,Dana Rodriguez,AFT2202,SEM0223,81579.42,11432.46
FEE0207,SCT211-0207/2022,Vanessa Stewart,AFT2202,SEM0459,79263.11,54558.59
FEE0208,SCT211-0208/2021,April Diaz,BCT2101,SEM0705,63707.56,23720.3
FEE0209,SCT211-0209/2021,Ms. Beverly Stewart,BCT2101,SEM0024,74714.77,49091.16
FEE0210,SCT211-0210/2022,Lynn Summers,CS001,SEM0240,93342.88,5601.04
FEE0211,SCT211-0211/2022,Brian Jenkins,CS001,SEM0233,56035.85,48183.81
FEE0212,SCT211-0212/2022,Rachel Nichols,CS001,SEM0038,66892.72,50437.79
FEE0213,SCT211-0213/2024,Benjamin Austin,SE001,SEM0385,60273.86,27996.27
FEE0214,SCT211-0214/2022,Fred Smith,CS001,SEM0700,71185.39,34649.21
FEE0215,SCT211-0215/2022,Robin Pitts,CS001,SEM0570,52681.38,25002.61
FEE0216,SCT211-0216/2023,Gregory Rhodes,CS001,SEM0260,57404.16,51292.35
FEE0217,SCT211-0217/2024,Alyssa Andrews,AFT2202,SEM0980,83520.06,23972.5
FEE0218,SCT211-0218/2024,Natasha Yoder,CS001,SEM0743,53887.67,34180.4
FEE0219,SCT211-0219/2021,Lucas Lowe,CS001,SEM0164,77864.9,75900.12
FEE0220,SCT211-0220/2023,Stephanie Garza,BCT2101,SEM0559,87612.96,5032.99
FEE0221,SCT211-0221/2023,Andrew Kent,BCT2101,SEM0303,89217.33,25217.52
FEE0222,SCT211-0222/2023,Rachel Green,BCT2101,SEM0606,81336.0,78348.4
FEE0223,SCT211-0223/2021,Nathan Wilkinson,PMI2203,SEM0421,84345.65,63207.32
FEE0224,SCT211-0224/2022,Emily Blackwell,BCT2101,SEM0216,55328.12,35606.34
FEE0225,SCT211-0225/2024,Kevin Wilkerson,PMI2203,SEM0590,72460.78,71606.2
FEE0226,SCT211-0226/2022,Bobby Smith,PMI2203,SEM0537,51612.42,42095.99
FEE0227,SCT211-0227/2021,Jeffrey Orr,BCT2101,SEM0241,79729.43,13154.97
FEE0228,SCT211-0228/2024,Christopher Atkinson,PMI2203,SEM0356,79303.51,58679.62
FEE0229,SCT211-0229/2023,Jennifer Pearson,AFT2202,SEM0043,90143.42,27878.23
FEE0230,SCT211-0230/2022,Melissa Nixon,IT001,SEM0351,50325.18,33382.59
FEE0231,SCT211-0231/2024,Jennifer Harrison,AFT2202,SEM0201,77749.03,71931.08
FEE0232,SCT211-0232/2023,Rachel Moran,AFT2202,SEM0823,81171.36,42615.13
FEE0233,SCT211-0233/2021,Jenna Vance,SE001,SEM0086,60003.17,32846.08
FEE0234,SCT211-0234/2024,Emily Reese,IT001,SEM0921,57155.93,7474.45
FEE0235,SCT211-0235/2024,Thomas Thomas,CS001,SEM0447,55980.05,25454.61
FEE0236,SCT211-0236/2024,Michael Sanchez,SE001,SEM0949,50446.07,28920.91
FEE0237,SCT211-0237/2021,James Hooper,IT001,SEM0043,57101.65,4786.32
FEE0238,SCT211-0238/2022,Krystal Clark,IT001,SEM0775,82257.22,8983.58
FEE0239,SCT211-0239/2023,Tonya Smith,BCT2101,SEM0421,55190.66,16434.74
FEE0240,SCT211-0240/2022,Julia Griffin,IT001,SEM0822,52787.93,25021.08
FEE0241,SCT211-0241/2024,Todd Carpenter,PMI2203,SEM0514,66508.78,29423.14
FEE0242,SCT211-0242/2024,Rachel Peters,IT001,SEM0510,61942.56,21499.4
FEE0243,SCT211-0243/2024,Nicholas Nielsen,PMI2203,SEM0867,91581.59,87082.93
FEE0244,SCT211-0244/2024,Claudia Gonzales,CS001,SEM0919,70621.06,57732.67
FEE0245,SCT211-0245/2023,Debra Chavez,IT001,SEM0367,90273.18,62651.1
FEE0246,SCT211-0246/2023,Eric Mcdonald,AFT2202,SEM0530,66308.64,4349.3
FEE0247,SCT211-0247/2024,Jacqueline Daniels,SE001,SEM0388,82495.41,27018.78
FEE0248,SCT211-0248/2022,Alexander Henderson,AFT2202,SEM0632,71732.73,69231.74
FEE0249,SCT211-0249/2022,Terri Little,IT001,SEM0323,82231.65,48964.08
FEE0250,SCT211-0250/2023,Charles Martin,BCT2101,SEM0539,84954.02,45841.12
FEE0251,SCT211-0251/2022,Julie Perkins,IT001,SEM0624,75942.6,26996.87
FEE0252,SCT211-0252/2021,Breanna Willis,BCT2101,SEM0893,50606.49,28065.25
FEE0253,SCT211-0253/2022,Joseph Morales,PMI2203,SEM0390,84675.77,16038.8
FEE0254,SCT211-0254/2022,Gary Carroll,SE001,SEM0302,78600.17,45311.78
FEE0255,SCT211-0255/2021,Thomas Rogers,SE001,SEM0204,83655.33,78999.08
FEE0256,SCT211-0256/2024,Hailey Williams,AFT2202,SEM0895,87747.14,45667.06
FEE0257,SCT211-0257/2024,Cynthia Gomez,PMI2203,SEM0866,87241.33,25103.32
FEE0258,SCT211-0258/2022,Elizabeth Martin,BCT2101,SEM0051,78989.07,76477.24
FEE0259,SCT211-0259/2024,Elizabeth Anderson,IT001,SEM0045,89738.4,17289.24
FEE0260,SCT211-0260/2021,Norma Bradshaw,CS001,SEM0428,88274.98,40551.95
FEE0261,SCT211-0261/2024,Ronald Webb,IT001,SEM0153,71800.64,60235.91
FEE0262,SCT211-0262/2021,David Allen,AFT2202,SEM0508,96282.73,36060.19
FEE0263,SCT211-0263/2023,Briana Alvarez,SE001,SEM0888,50477.32,2274.22
FEE0264,SCT211-0264/2022,Larry Potts,SE001,SEM0948,86040.25,3671.07
FEE0265,SCT211-0265/2024,Laurie Wolfe,PMI2203,SEM0243,88091.37,18403.24
FEE0266,SCT211-0266/2021,Morgan Banks,AFT2202,SEM0159,56947.57,8950.57
FEE0267,SCT211-0267/2024,Michael Roman,SE001,SEM0467,85705.01,37902.99
FEE0268,SCT211-0268/2022,Amanda Johnson,PMI2203,SEM0240,98372.26,78416.97
FEE0269,SCT211-0269/2023,Kayla Myers,PMI2203,SEM0765,92765.65,24069.24
FEE0270,SCT211-0270/2024,Tonya Reid,SE001,SEM0661,58902.53,32851.43
FEE0271,SCT211-0271/2022,Jason Ross,CS001,SEM0519,64876.09,19556.88
FEE0272,SCT211-0272/2022,Jack Andrews,PMI2203,SEM0985,92936.6,69385.51
FEE0273,SCT211-0273/2024,Alisha Martin,BCT2101,SEM0809,58195.13,33202.64
FEE0274,SCT211-0274/2024,Bobby Jones,PMI2203,SEM0496,67230.72,18681.71
FEE0275,SCT211-0275/2022,Brian Reeves,BCT2101,SEM0757,99561.39,53119.06
FEE0276,SCT211-0276/2024,Patrick Short,CS001,SEM0888,80851.51,54474.55
FEE0277,SCT211-0277/2023,Caitlin Tran,IT001,SEM0706,83049.45,38829.51
FEE0278,SCT211-0278/2021,Christina Higgins,BCT2101,SEM0614,90426.78,40164.91
FEE0279,SCT211-0279/2022,Jonathan Martinez,CS001,SEM0441,65249.89,50835.75
FEE0280,SCT211-0280/2021,David Scott,PMI2203,SEM0884,81871.03,29176.08
FEE0281,SCT211-0281/2022,Dr. Jennifer Berry MD,PMI2203,SEM0665,62946.99,18780.55
FEE0282,SCT211-0282/2021,Scott Mccarthy,AFT2202,SEM0371,61669.77,45364.47
FEE0283,SCT211-0283/2022,Meagan Rivers,SE001,SEM0406,80307.38,61299.42
FEE0284,SCT211-0284/2023,Kyle Kim,AFT2202,SEM0727,58736.4,25956.44
FEE0285,SCT211-0285/2024,Sabrina Wood,AFT2202,SEM0008,71581.02,70983.98
FEE0286,SCT211-0286/2021,Margaret Pierce,CS001,SEM0858,92903.94,74305.58
FEE0287,SCT211-0287/2024,Marcus Marks,IT001,SEM0740,86108.79,21057.21
FEE0288,SCT211-0288/2024,Robert Flynn,AFT2202,SEM0275,96864.33,29590.4
FEE0289,SCT211-0289/2022,Christopher Richards,BCT2101,SEM0526,95437.22,85006.11
FEE0290,SCT211-0290/2023,Christopher Pitts,BCT2101,SEM0439,52074.93,1869.19
FEE0291,SCT211-0291/2021,Kristina Villanueva,IT001,SEM0897,74735.36,28126.13
FEE0292,SCT211-0292/2023,Christopher Taylor,IT001,SEM0953,87302.8,60469.8
FEE0293,SCT211-0293/2023,Brittany Braun,BCT2101,SEM0649,84640.61,11780.27
FEE0294,SCT211-0294/2023,Robin Peters,BCT2101,SEM0310,84004.96,37924.21
FEE0295,SCT211-0295/2023,Nicole Parrish,CS001,SEM0768,95739.51,42493.94
FEE0296,SCT211-0296/2024,Heather Morales,SE001,SEM0205,76079.74,49634.28
FEE0297,SCT211-0297/2021,Matthew Patterson,SE001,SEM0221,74824.64,29438.09
FEE0298,SCT211-0298/2023,Justin Dominguez,SE001,SEM0663,78420.61,56792.37
FEE0299,SCT211-0299/2021,Todd Richards,IT001,SEM0919,91672.01,34554.69
FEE0300,SCT211-0300/2021,Jacqueline Pratt,SE001,SEM0603,61861.95,54764.26
FEE0301,SCT211-0301/2023,Kenneth Butler,CS001,SEM0604,66249.05,29317.46
FEE0302,SCT211-0302/2024,Patrick Golden,SE001,SEM0797,59824.17,43306.47
FEE0303,SCT211-0303/2024,Carl Love,AFT2202,SEM0522,55205.27,21072.29
FEE0304,SCT211-0304/2021,Stacey Green,CS001,SEM0061,63878.14,43052.14
FEE0305,SCT211-0305/2022,Nicole Jensen,SE001,SEM0377,83285.52,50739.08
FEE0306,SCT211-0306/2023,Samantha Dorsey,BCT2101,SEM0460,64965.75,1327.82
FEE0307,SCT211-0307/2022,Amy Johnson,IT001,SEM0909,59970.03,15936.68
FEE0308,SCT211-0308/2023,Kim Thompson,SE001,SEM0192,80656.09,12490.53
FEE0309,SCT211-0309/2024,Michelle Jackson,IT001,SEM0931,91539.57,8703.42
FEE0310,SCT211-0310/2023,Amy Fischer,CS001,SEM0634,84582.18,25424.2
FEE0311,SCT211-0311/2023,Stephanie Simmons,CS001,SEM0671,88280.83,71176.99
FEE0312,SCT211-0312/2023,Robert Parker,IT001,SEM0364,60393.33,47442.26
FEE0313,SCT211-0313/2022,David Holmes,AFT2202,SEM0931,50041.72,11688.49
FEE0314,SCT211-0314/2024,Maria Ayala DVM,AFT2202,SEM0455,55789.46,22494.11
FEE0315,SCT211-0315/2021,Rachel Rodriguez,IT001,SEM0138,86331.88,82373.51
FEE0316,SCT211-0316/2022,Kristin Sanders,SE001,SEM0896,91495.93,90762.69
FEE0317,SCT211-0317/2022,James Madden,SE001,SEM0770,66170.2,24163.15
FEE0318,SCT211-0318/2024,Hannah Marshall,IT001,SEM0446,80367.49,53392.56
FEE0319,SCT211-0319/2021,Ryan Phillips,PMI2203,SEM0088,62119.49,5427.73
FEE0320,SCT211-0320/2021,Megan Walker,BCT2101,SEM0388,80443.68,45261.17
FEE0321,SCT211-0321/2024,Nicole Anthony,CS001,SEM0860,69580.84,57347.88
FEE0322,SCT211-0322/2024,Michael Davis,BCT2101,SEM0492,50364.44,4082.4
FEE0323,SCT211-0323/2023,Kim Clayton,BCT2101,SEM0090,53244.65,51863.47
FEE0324,SCT211-0324/2023,Angela Shelton,IT001,SEM0892,73333.13,19335.98
FEE0325,SCT211-0325/2021,Lindsey Hanson,IT001,SEM0030,51900.06,16693.29
FEE0326,SCT211-0326/2023,John Riley,IT001,SEM0156,94760.95,72156.79
FEE0327,SCT211-0327/2022,Jennifer Sawyer,SE001,SEM0490,68663.7,17312.78
FEE0328,SCT211-0328/2021,Gregory Woods,IT001,SEM0286,89597.39,42969.19
FEE0329,SCT211-0329/2024,Cody Evans,PMI2203,SEM0819,72713.74,34363.48
FEE0330,SCT211-0330/2022,Paul Watts,IT001,SEM0974,65829.04,16534.42
FEE0331,SCT211-0331/2024,Anthony Whitney,BCT2101,SEM0090,80456.36,41133.13
FEE0332,SCT211-0332/2022,Jennifer Anderson,CS001,SEM0650,95549.18,74094.73
FEE0333,SCT211-0333/2022,Ashley Hall,AFT2202,SEM0246,51022.76,3012.47
FEE0334,SCT211-0334/2023,William Cole,IT001,SEM0338,79521.35,26271.69
FEE0335,SCT211-0335/2023,David Padilla,SE001,SEM0343,88406.15,25936.1
FEE0336,SCT211-0336/2021,Anna Jenkins,BCT2101,SEM0969,76590.19,58550.09
FEE0337,SCT211-0337/2023,Richard Cooper,CS001,SEM0888,71932.22,22458.02
FEE0338,SCT211-0338/2022,Michael Mitchell,PMI2203,SEM0634,96010.72,89656.43
FEE0339,SCT211-0339/2024,Anthony Perry,BCT2101,SEM0728,57220.6,47913.69
FEE0340,SCT211-0340/2021,Kevin Cohen,IT001,SEM0242,79448.75,6413.7
FEE0341,SCT211-0341/2022,Ryan Moreno,CS001,SEM0248,54505.87,46119.82
FEE0342,SCT211-0342/2022,Rhonda Mclean,PMI2203,SEM0568,63894.97,3273.6
FEE0343,SCT211-0343/2024,Eric Hughes,SE001,SEM0646,93036.02,61933.56
FEE0344,SCT211-0344/2021,Shawn Erickson,BCT2101,SEM0098,95644.24,30143.24
FEE0345,SCT211-0345/2022,Ryan Johnson,AFT2202,SEM0204,57651.87,41638.08
FEE0346,SCT211-0346/2024,Michael Evans,AFT2202,SEM0658,50813.28,3057.3
FEE0347,SCT211-0347/2022,Theresa Lowery,SE001,SEM0722,64029.34,24846.15
FEE0348,SCT211-0348/2023,Terry Knight,SE001,SEM0677,89892.01,50679.53
FEE0349,SCT211-0349/2022,Tara Jones,PMI2203,SEM0293,66236.41,33038.77
FEE0350,SCT211-0350/2021,Tyler Adams,AFT2202,SEM0948,72961.52,72538.59
FEE0351,SCT211-0351/2024,Alicia Obrien,CS001,SEM0622,83012.21,48286.69
FEE0352,SCT211-0352/2022,Shawna Nelson,PMI2203,SEM0415,95586.19,5107.82
FEE0353,SCT211-0353/2021,Steven Hall,BCT2101,SEM0999,53073.27,18623.58
FEE0354,SCT211-0354/2021,Stephanie Kent MD,AFT2202,SEM1000,82002.12,61819.04
FEE0355,SCT211-0355/2021,Jason Simmons,IT001,SEM0727,68508.97,6039.81
FEE0356,SCT211-0356/2022,Melinda Benson,SE001,SEM0886,93464.16,3880.03
FEE0357,SCT211-0357/2021,Elizabeth Greene,CS001,SEM0272,83117.64,54472.2
FEE0358,SCT211-0358/2021,Kyle Smith,IT001,SEM0948,69046.15,40888.1
FEE0359,SCT211-0359/2024,Donald Ortega,CS001,SEM0852,74367.42,55899.1
FEE0360,SCT211-0360/2022,Collin Allen,SE001,SEM0743,50421.2,8519.78
FEE0361,SCT211-0361/2024,Tiffany Winters,BCT2101,SEM0355,78630.99,20619.44
FEE0362,SCT211-0362/2023,Daniel Reyes,CS001,SEM0920,64877.03,26477.88
FEE0363,SCT211-0363/2022,Michael Williams,PMI2203,SEM0537,87249.47,19284.55
FEE0364,SCT211-0364/2021,Gregory Jacobs,SE001,SEM0663,69102.49,52654.42
FEE0365,SCT211-0365/2021,Walter Smith,IT001,SEM0131,61682.94,24542.05
FEE0366,SCT211-0366/2022,Bethany Young,SE001,SEM0645,77898.33,72641.07
FEE0367,SCT211-0367/2023,James Vaughn,PMI2203,SEM0755,88671.29,43166.05
FEE0368,SCT211-0368/2024,James Hicks,CS001,SEM0685,90649.57,62177.16
FEE0369,SCT211-0369/2021,Hannah Keller,CS001,SEM0165,98550.43,36408.9
FEE0370,SCT211-0370/2023,Todd Fitzgerald,SE001,SEM0607,74578.51,40880.28
FEE0371,SCT211-0371/2022,Mr. Michael Gamble,PMI2203,SEM0487,68083.94,5392.28
FEE0372,SCT211-0372/2021,William Park,IT001,SEM0114,52504.72,30896.96
FEE0373,SCT211-0373/2024,Joshua Turner,BCT2101,SEM0240,91533.19,58231.27
FEE0374,SCT211-0374/2024,Daryl Miller,SE001,SEM0489,67082.63,21644.27
FEE0375,SCT211-0375/2023,Jeffrey Pena,BCT2101,SEM0778,50122.6,10983.05
FEE0376,SCT211-0376/2021,Michele Grant,IT001,SEM0894,61417.34,50294.33
FEE0377,SCT211-0377/2021,Michael Rowe,IT001,SEM0365,61455.31,44577.07
FEE0378,SCT211-0378/2024,Robin Rangel,IT001,SEM0665,61024.76,34567.83
FEE0379,SCT211-0379/2023,Michael Johnson,BCT2101,SEM0457,86492.77,72824.15
FEE0380,SCT211-0380/2021,Anna Allen,CS001,SEM0716,67709.62,3225.82
FEE0381,SCT211-0381/2024,Jamie Atkins,SE001,SEM0717,50467.69,48603.14
FEE0382,SCT211-0382/2023,Christopher Jones,AFT2202,SEM0417,91620.38,81725.96
FEE0383,SCT211-0383/2021,Ryan Edwards,BCT2101,SEM0779,84555.32,8714.13
FEE0384,SCT211-0384/2022,Catherine Martin,PMI2203,SEM0406,55530.53,53232.51
FEE0385,SCT211-0385/2024,Donald Cox,IT001,SEM0374,94827.15,77731.29
FEE0386,SCT211-0386/2024,Thomas Bennett,BCT2101,SEM0466,72358.11,66066.2
FEE0387,SCT211-0387/2023,Stanley Patrick,BCT2101,SEM0108,78854.49,49494.13
FEE0388,SCT211-0388/2024,Michael Hayes,IT001,SEM0110,79123.47,64171.3
FEE0389,SCT211-0389/2021,Jillian Gomez,CS001,SEM0850,66169.3,21592.7
FEE0390,SCT211-0390/2024,Phyllis Wade,CS001,SEM0607,68439.79,47481.58
FEE0391,SCT211-0391/2023,David Boyd,SE001,SEM0206,70607.56,32593.64
FEE0392,SCT211-0392/2021,Jamie Nelson,AFT2202,SEM0240,63236.93,29203.58
FEE0393,SCT211-0393/2024,Jay Hill,CS001,SEM0385,72677.0,21451.28
FEE0394,SCT211-0394/2022,Jeremy Smith,BCT2101,SEM0341,50848.04,31894.11
FEE0395,SCT211-0395/2022,Kimberly Avery,BCT2101,SEM0270,69930.08,14430.1
FEE0396,SCT211-0396/2024,Jamie Juarez,CS001,SEM0160,93811.35,28239.5
FEE0397,SCT211-0397/2024,Raymond Blackwell,AFT2202,SEM0344,66979.46,25166.26
FEE0398,SCT211-0398/2021,Christopher Lucas,BCT2101,SEM0647,50951.7,5526.47
FEE0399,SCT211-0399/2021,Cassandra Carney,BCT2101,SEM0524,93169.75,8817.76
FEE0400,SCT211-0400/2021,Adam Hernandez,CS001,SEM0703,89030.26,54754.55
FEE0401,SCT211-0401/2023,Nicole Medina,AFT2202,SEM0387,54297.38,44365.03
FEE0402,SCT211-0402/2021,Steven Gill,CS001,SEM0821,98026.03,43755.49
FEE0403,SCT211-0403/2022,Kevin Peterson,SE001,SEM0836,88043.28,7252.68
FEE0404,SCT211-0404/2023,Jeffrey Jenkins,PMI2203,SEM0469,69640.94,12603.74
FEE0405,SCT211-0405/2024,Alexander Norman,SE001,SEM0986,84337.43,69302.08
FEE0406,SCT211-0406/2022,Shelby Fowler,AFT2202,SEM0193,92215.83,13628.23
FEE0407,SCT211-0407/2021,Steven Odom,CS001,SEM0528,52686.94,36436.89
FEE0408,SCT211-0408/2022,Victor Lynch,CS001,SEM0554,95033.53,19623.78
FEE0409,SCT211-0409/2021,Amanda Pruitt,SE001,SEM0205,51883.95,21602.53
FEE0410,SCT211-0410/2021,Jill Garcia,IT001,SEM0887,85686.07,75736.44
FEE0411,SCT211-0411/2023,Samuel Lowe,BCT2101,SEM0777,81525.27,55603.8
FEE0412,SCT211-0412/2024,Chad Hill,SE001,SEM0602,97447.73,76876.42
FEE0413,SCT211-0413/2021,Mario Gould,SE001,SEM0168,94886.3,32746.06
FEE0414,SCT211-0414/2022,James Brown,BCT2101,SEM0693,58422.1,9422.15
FEE0415,SCT211-0415/2023,Jake Williams,IT001,SEM0399,83645.16,3338.45
FEE0416,SCT211-0416/2023,Jessica Hernandez,PMI2203,SEM0538,53616.99,19520.15
FEE0417,SCT211-0417/2021,Cody Smith,IT001,SEM0438,81720.86,46291.27
FEE0418,SCT211-0418/2021,David Mccormick,IT001,SEM0726,64164.33,40197.06
FEE0419,SCT211-0419/2022,Joshua Brown,PMI2203,SEM0367,54885.86,9983.65
FEE0420,SCT211-0420/2021,Mary Hoover,SE001,SEM0561,74279.36,51796.27
FEE0421,SCT211-0421/2024,Mr. Tyler Gamble,SE001,SEM0750,70588.78,55758.97
FEE0422,SCT211-0422/2022,David Guerrero,BCT2101,SEM0920,65960.5,56015.82
FEE0423,SCT211-0423/2024,Matthew Thornton,SE001,SEM0594,89393.4,43041.87
FEE0424,SCT211-0424/2024,Sabrina Moore,PMI2203,SEM0806,64301.53,45046.97
FEE0425,SCT211-0425/2024,Kaitlin Thompson,PMI2203,SEM0292,82158.65,41148.71
FEE0426,SCT211-0426/2023,Danielle Gibbs,CS001,SEM0518,69634.51,58287.43
FEE0427,SCT211-0427/2022,Kelly Elliott,SE001,SEM0382,53443.43,15840.04
FEE0428,SCT211-0428/2021,Eric Vang,CS001,SEM0719,66806.8,50897.65
FEE0429,SCT211-0429/2023,Leslie Johnson,SE001,SEM0065,68655.45,41638.1
FEE0430,SCT211-0430/2021,Lauren Sawyer,AFT2202,SEM0485,53046.06,25993.47
FEE0431,SCT211-0431/2022,Scott Wise MD,BCT2101,SEM0342,65620.97,4018.17
FEE0432,SCT211-0432/2021,Melissa Figueroa MD,BCT2101,SEM0056,86812.75,28518.34
FEE0433,SCT211-0433/2021,Christopher Vazquez,IT001,SEM0962,70132.35,64303.0
FEE0434,SCT211-0434/2024,Kimberly Bailey,IT001,SEM0372,75541.99,71914.01
FEE0435,SCT211-0435/2024,Brianna Taylor,CS001,SEM0547,84253.14,40029.78
FEE0436,SCT211-0436/2022,Mary Spencer,IT001,SEM0428,50264.51,9277.98
FEE0437,SCT211-0437/2022,Anna Curry,CS001,SEM0115,89138.87,47863.21
FEE0438,SCT211-0438/2024,Elizabeth Brown,IT001,SEM0857,78906.93,59682.0
FEE0439,SCT211-0439/2022,Miss Jennifer Fowler,PMI2203,SEM0016,90993.4,26009.65
FEE0440,SCT211-0440/2023,Tammy Sosa,SE001,SEM0763,63703.39,53513.56
FEE0441,SCT211-0441/2023,David Luna,CS001,SEM0618,87467.84,52410.54
FEE0442,SCT211-0442/2023,Elizabeth Duran,PMI2203,SEM0729,70905.81,5981.21
FEE0443,SCT211-0443/2021,Melissa Smith,BCT2101,SEM0450,61521.86,6470.44
FEE0444,SCT211-0444/2022,Jake Brown,BCT2101,SEM0501,55544.39,50497.5
FEE0445,SCT211-0445/2023,Amber Cox,PMI2203,SEM0693,86287.5,4691.19
FEE0446,SCT211-0446/2023,Misty Atkinson,PMI2203,SEM0553,84849.41,65113.19
FEE0447,SCT211-0447/2023,Lisa Nelson,AFT2202,SEM0992,63637.89,52458.98
FEE0448,SCT211-0448/2021,Sherry Anderson,PMI2203,SEM0317,61652.3,30052.86
FEE0449,SCT211-0449/2023,Cassandra Harris,AFT2202,SEM0920,85906.17,70251.63
FEE0450,SCT211-0450/2022,John Davis,PMI2203,SEM0427,89146.11,51198.32
FEE0451,SCT211-0451/2021,Melvin Ramirez,IT001,SEM0350,51919.09,47792.42
FEE0452,SCT211-0452/2022,Jennifer Grant,SE001,SEM0460,71997.75,69577.24
FEE0453,SCT211-0453/2023,Courtney Walker,CS001,SEM0878,90712.53,76938.89
FEE0454,SCT211-0454/2021,Patricia Hodge,SE001,SEM0090,51907.29,18762.87
FEE0455,SCT211-0455/2024,Crystal Martin,BCT2101,SEM0266,69099.11,7503.2
FEE0456,SCT211-0456/2021,Joseph Carr,PMI2203,SEM0119,84419.66,39172.88
FEE0457,SCT211-0457/2022,Shawna Mcdonald,SE001,SEM0721,84628.15,32312.91
FEE0458,SCT211-0458/2022,Dustin Robinson,SE001,SEM0050,85952.59,69947.01
FEE0459,SCT211-0459/2023,Catherine Dunn,SE001,SEM0336,69078.45,47945.64
FEE0460,SCT211-0460/2021,Natalie Valencia,IT001,SEM0909,89736.34,41797.27
FEE0461,SCT211-0461/2022,Miss Melissa Young,SE001,SEM0240,69068.88,10835.49
FEE0462,SCT211-0462/2024,William Black,SE001,SEM0698,67295.93,31027.68
FEE0463,SCT211-0463/2024,Stephanie Mann,SE001,SEM0937,86478.53,37995.79
FEE0464,SCT211-0464/2022,Thomas Williams PhD,SE001,SEM0645,53753.62,43697.77
FEE0465,SCT211-0465/2023,Brian Roberts,CS001,SEM0801,50327.21,1913.83
FEE0466,SCT211-0466/2024,John Walton,SE001,SEM0756,70936.41,51817.52
FEE0467,SCT211-0467/2023,Jerry Jenkins,CS001,SEM0683,93373.45,4606.32
FEE0468,SCT211-0468/2024,Anthony Sanchez,AFT2202,SEM0713,72516.17,32369.93
FEE0469,SCT211-0469/2024,Richard Hayden,SE001,SEM0577,59952.23,38254.4
FEE0470,SCT211-0470/2022,Alyssa Reed,AFT2202,SEM0287,71466.2,67798.62
FEE0471,SCT211-0471/2023,Robert Shepherd,IT001,SEM0291,87904.56,66315.6
FEE0472,SCT211-0472/2023,James Jones,PMI2203,SEM0172,64785.64,60053.89
FEE0473,SCT211-0473/2023,Tina Woodard,IT001,SEM0759,95640.68,49981.17
FEE0474,SCT211-0474/2023,Ryan Barnes DDS,CS001,SEM0306,89737.15,61044.11
FEE0475,SCT211-0475/2022,Susan Booker,IT001,SEM0385,92659.28,22293.19
FEE0476,SCT211-0476/2024,Kayla Jennings,SE001,SEM0416,86872.47,23611.72
FEE0477,SCT211-0477/2024,Sara Thomas,IT001,SEM0983,94933.93,50323.61
FEE0478,SCT211-0478/2021,Nicholas Bishop,CS001,SEM0458,79388.71,77091.1
FEE0479,SCT211-0479/2023,Lisa Douglas,IT001,SEM0762,68452.38,40524.92
FEE0480,SCT211-0480/2023,Walter Fritz,IT001,SEM0058,96862.06,48698.55
FEE0481,SCT211-0481/2021,Caleb Robbins,BCT2101,SEM0135,99662.66,31752.27
FEE0482,SCT211-0482/2021,Edward Hernandez,CS001,SEM0784,98919.26,5802.25
FEE0483,SCT211-0483/2024,Donna Baldwin,IT001,SEM0349,65759.44,61808.19
FEE0484,SCT211-0484/2024,David Jones,IT001,SEM0137,70276.13,5564.76
FEE0485,SCT211-0485/2022,Jeffrey Mueller,AFT2202,SEM0827,87006.18,52883.04
FEE0486,SCT211-0486/2022,Angela Fleming,CS001,SEM0429,55607.25,55245.97
FEE0487,SCT211-0487/2024,Jacob Allen,BCT2101,SEM0108,96709.15,5229.0
FEE0488,SCT211-0488/2023,Melanie Wilson,AFT2202,SEM0802,70630.37,4457.63
FEE0489,SCT211-0489/2022,Mr. Mark Hall,BCT2101,SEM0525,95931.8,91683.46
FEE0490,SCT211-0490/2022,Anthony Jones,IT001,SEM0688,71355.82,2080.96
FEE0491,SCT211-0491/2024,James Herman,BCT2101,SEM0739,81304.53,39682.96
FEE0492,SCT211-0492/2021,Susan Stone MD,PMI2203,SEM0149,91266.85,72873.27
FEE0493,SCT211-0493/2021,Mikayla Mullins,SE001,SEM0150,63931.51,6308.05
FEE0494,SCT211-0494/2022,Susan Jones,SE001,SEM0250,83780.52,7362.99
FEE0495,SCT211-0495/2024,Lisa Mason,CS001,SEM0572,99680.69,11532.07
FEE0496,SCT211-0496/2021,Shari Terry,IT001,SEM0365,96995.76,81385.35
FEE0497,SCT211-0497/2024,Breanna Obrien,IT001,SEM0244,96231.55,39813.45
FEE0498,SCT211-0498/2022,Heather Morrison,BCT2101,SEM0289,72883.95,63132.71
FEE0499,SCT211-0499/2023,Cynthia White,AFT2202,SEM0528,94409.54,68304.53
FEE0500,SCT211-0500/2023,Todd Green,BCT2101,SEM0532,70506.56,31010.91
FEE0501,SCT211-0501/2024,Jasmine Walton,BCT2101,SEM0795,92584.2,65657.11
FEE0502,SCT211-0502/2021,Jesse Gordon,CS001,SEM0433,89954.09,75091.99
FEE0503,SCT211-0503/2023,Marcus Cox,BCT2101,SEM0410,72936.05,28039.93
FEE0504,SCT211-0504/2023,Debbie Simmons,CS001,SEM0844,58335.48,24588.92
FEE0505,SCT211-0505/2024,Valerie Conway,BCT2101,SEM0535,65466.28,19764.53
FEE0506,SCT211-0506/2021,Danielle Curtis,AFT2202,SEM0206,72154.25,61799.52
FEE0507,SCT211-0507/2024,Aaron Carey,PMI2203,SEM0332,62575.4,58347.74
FEE0508,SCT211-0508/2022,Mackenzie Hardy,SE001,SEM0268,78716.08,9603.47
FEE0509,SCT211-0509/2024,Michael Wilson,BCT2101,SEM0654,84059.96,72821.13
FEE0510,SCT211-0510/2021,Mark Chavez,SE001,SEM0599,85038.26,51762.26
FEE0511,SCT211-0511/2021,Randall Kim,CS001,SEM0013,99739.73,22284.42
FEE0512,SCT211-0512/2023,Robert Escobar,PMI2203,SEM0817,67245.63,4034.39
FEE0513,SCT211-0513/2022,Karen Jones,PMI2203,SEM0884,67156.59,25248.24
FEE0514,SCT211-0514/2021,Mary Henderson,PMI2203,SEM0201,98127.85,23535.98
FEE0515,SCT211-0515/2022,Ethan Lopez,CS001,SEM0353,70717.42,67145.37
FEE0516,SCT211-0516/2021,Natalie Wood,AFT2202,SEM0973,50193.07,26073.39
FEE0517,SCT211-0517/2021,Karen Sosa,PMI2203,SEM0366,59737.64,3581.12
FEE0518,SCT211-0518/2023,Erin Ross,SE001,SEM0684,67386.55,28312.71
FEE0519,SCT211-0519/2022,Laura Graham,BCT2101,SEM0152,62445.4,10874.69
FEE0520,SCT211-0520/2023,Sheila Sanchez,SE001,SEM0995,71074.15,3413.97
FEE0521,SCT211-0521/2022,Mary Smith,BCT2101,SEM0587,92136.48,38799.11
FEE0522,SCT211-0522/2021,Christine Burke,CS001,SEM0654,99450.84,74437.98
FEE0523,SCT211-0523/2021,Kyle Peterson Jr.,SE001,SEM0248,97281.89,93218.63
FEE0524,SCT211-0524/2022,Bryce Gallegos,BCT2101,SEM0085,68750.37,43184.8
FEE0525,SCT211-0525/2024,William Garcia,IT001,SEM0911,68093.69,21313.65
FEE0526,SCT211-0526/2022,Ashley Rios,CS001,SEM0992,95871.05,40303.14
FEE0527,SCT211-0527/2022,Shelby Hill,CS001,SEM0413,87318.09,35495.71
FEE0528,SCT211-0528/2024,Stephanie Weaver,BCT2101,SEM0821,87243.92,50222.34
FEE0529,SCT211-0529/2021,Tiffany Chaney,IT001,SEM0770,54703.91,4511.79
FEE0530,SCT211-0530/2024,Crystal Benjamin,CS001,SEM0229,84203.46,45193.95
FEE0531,SCT211-0531/2021,Joseph Garcia,BCT2101,SEM0917,82556.85,33655.95
FEE0532,SCT211-0532/2021,Brandon Morris,PMI2203,SEM0186,72238.81,61814.18
FEE0533,SCT211-0533/2022,Christine Huff,BCT2101,SEM0867,68730.35,16686.62
FEE0534,SCT211-0534/2024,Albert Harris,BCT2101,SEM0542,75408.68,4242.65
FEE0535,SCT211-0535/2022,Maxwell Romero,IT001,SEM0781,53953.52,45421.18
FEE0536,SCT211-0536/2024,Justin Moore,IT001,SEM0612,87161.22,17210.53
FEE0537,SCT211-0537/2022,Jessica Mills,CS001,SEM0077,59454.49,10762.78
FEE0538,SCT211-0538/2021,Dawn Rodriguez,CS001,SEM0005,60746.32,10594.3
FEE0539,SCT211-0539/2022,Aaron Miller,IT001,SEM0570,80272.79,67880.44
FEE0540,SCT211-0540/2023,Jamie Henry,CS001,SEM0461,79554.99,38867.28
FEE0541,SCT211-0541/2023,Sharon Barrett,SE001,SEM0999,78910.55,35777.33
FEE0542,SCT211-0542/2023,Matthew Stephens,CS001,SEM0610,61268.23,41912.5
FEE0543,SCT211-0543/2023,Larry Morris,BCT2101,SEM0843,87402.0,35091.69
FEE0544,SCT211-0544/2021,Levi Lin,SE001,SEM0726,83249.3,37973.87
FEE0545,SCT211-0545/2022,Sarah Ayala,IT001,SEM0035,78922.89,10424.73
FEE0546,SCT211-0546/2023,Patricia Johnson,IT001,SEM0554,84841.76,27923.36
FEE0547,SCT211-0547/2023,David Harper,PMI2203,SEM0954,64668.53,57019.95
FEE0548,SCT211-0548/2024,Mary Reeves,SE001,SEM0450,91520.5,56194.37
FEE0549,SCT211-0549/2021,Justin King,SE001,SEM0626,85245.33,68610.94
FEE0550,SCT211-0550/2021,Rhonda Wolfe,PMI2203,SEM0839,66660.92,6550.08
FEE0551,SCT211-0551/2024,Michelle Cervantes,CS001,SEM0569,60256.31,56922.79
FEE0552,SCT211-0552/2022,Courtney Rodriguez DDS,AFT2202,SEM0715,73591.34,20522.01
FEE0553,SCT211-0553/2021,Alex Osborn,BCT2101,SEM0573,82548.46,3632.59
FEE0554,SCT211-0554/2024,Cynthia Myers,BCT2101,SEM0626,54321.39,49606.55
FEE0555,SCT211-0555/2021,Manuel Lee,AFT2202,SEM0099,65238.27,40612.55
FEE0556,SCT211-0556/2021,Heather Wilkins,BCT2101,SEM0056,86202.5,6477.23
FEE0557,SCT211-0557/2023,Amanda Hendrix,AFT2202,SEM0858,74471.19,58155.54
FEE0558,SCT211-0558/2022,Sherry Chang,PMI2203,SEM0810,60920.57,11722.58
FEE0559,SCT211-0559/2021,Katherine Holloway,IT001,SEM0181,75563.25,33905.42
FEE0560,SCT211-0560/2022,Andrea Harris,CS001,SEM0989,86941.5,49578.01
FEE0561,SCT211-0561/2021,Daniel Martinez,PMI2203,SEM0745,56764.99,24242.48
FEE0562,SCT211-0562/2022,Bridget Russo,PMI2203,SEM0013,87026.59,32997.66
FEE0563,SCT211-0563/2022,Curtis Holmes,AFT2202,SEM0787,57835.9,42190.52
FEE0564,SCT211-0564/2024,Jose Benton,SE001,SEM0717,72899.36,70044.38
FEE0565,SCT211-0565/2024,Katie Powers,CS001,SEM0728,90891.6,86672.64
FEE0566,SCT211-0566/2021,Tiffany Morales,IT001,SEM0044,52962.22,27576.31
FEE0567,SCT211-0567/2024,April Olson,PMI2203,SEM0569,82113.82,11475.69
FEE0568,SCT211-0568/2024,Sarah Lucas,IT001,SEM0700,54201.99,39812.91
FEE0569,SCT211-0569/2024,Daniel Cabrera,IT001,SEM0913,82874.94,58949.15
FEE0570,SCT211-0570/2021,Tyler Cooper,IT001,SEM0464,68649.24,28929.45
FEE0571,SCT211-0571/2022,Lisa Brown,IT001,SEM0067,77135.42,27674.73
FEE0572,SCT211-0572/2021,Brandi Rodriguez,BCT2101,SEM0741,75505.25,2137.01
FEE0573,SCT211-0573/2024,Rebecca Jackson,PMI2203,SEM0690,88230.84,20381.51
FEE0574,SCT211-0574/2021,Elizabeth Kelly,BCT2101,SEM0743,51180.31,34242.04
FEE0575,SCT211-0575/2024,Roy Lane,SE001,SEM0407,89692.03,76616.11
FEE0576,SCT211-0576/2022,Chad Welch,AFT2202,SEM0134,91025.8,12106.9
FEE0577,SCT211-0577/2023,Samantha Lewis,PMI2203,SEM0782,63690.63,13572.57
FEE0578,SCT211-0578/2024,Jacqueline Anthony,SE001,SEM0605,78404.62,28524.99
FEE0579,SCT211-0579/2024,David Campbell,PMI2203,SEM0072,85435.11,33798.91
FEE0580,SCT211-0580/2022,Tyler King,AFT2202,SEM0523,98999.69,28363.34
FEE0581,SCT211-0581/2021,Michael Moreno,IT001,SEM0597,85705.43,81370.43
FEE0582,SCT211-0582/2022,Samuel Crosby,CS001,SEM0191,56141.52,3404.97
FEE0583,SCT211-0583/2024,Valerie Baldwin,AFT2202,SEM0728,68102.11,51418.07
FEE0584,SCT211-0584/2024,Michael Perez,CS001,SEM0550,76521.6,42717.91
FEE0585,SCT211-0585/2021,Matthew Santiago,IT001,SEM0495,96347.95,20587.75
FEE0586,SCT211-0586/2021,Tracey Mueller,CS001,SEM0056,53022.37,4882.7
FEE0587,SCT211-0587/2022,Donald Scott,BCT2101,SEM0505,99342.01,77195.58
FEE0588,SCT211-0588/2021,Mary Wise,BCT2101,SEM0099,68880.39,59828.45
FEE0589,SCT211-0589/2023,Katie King,CS001,SEM0897,81906.65,1288.58
FEE0590,SCT211-0590/2023,Edward Singleton,CS001,SEM0723,64837.9,53692.32
FEE0591,SCT211-0591/2023,Brittany Gilmore,CS001,SEM0001,77949.8,55833.95
FEE0592,SCT211-0592/2023,Andrea Rodriguez,AFT2202,SEM0550,99260.0,1323.31
FEE0593,SCT211-0593/2024,Amanda Mcdaniel PhD,PMI2203,SEM0614,57548.46,28358.31
FEE0594,SCT211-0594/2022,John Vasquez,AFT2202,SEM0654,59590.89,52927.39
FEE0595,SCT211-0595/2021,Robert Russell,SE001,SEM0546,57283.66,20208.15
FEE0596,SCT211-0596/2021,Isabella Gonzalez,PMI2203,SEM0385,71260.15,11613.66
FEE0597,SCT211-0597/2024,Leslie Lee,CS001,SEM0108,79194.98,44983.42
FEE0598,SCT211-0598/2024,Michael Crawford,AFT2202,SEM0522,73208.46,29892.42
FEE0599,SCT211-0599/2024,Hector Carney,IT001,SEM0025,73995.47,28821.9
FEE0600,SCT211-0600/2024,Kenneth Jimenez,PMI2203,SEM0396,67229.05,29031.97
FEE0601,SCT211-0601/2021,Dorothy Mcmahon,AFT2202,SEM0161,71241.62,22518.37
FEE0602,SCT211-0602/2024,Cory Richardson,BCT2101,SEM0301,57491.07,22345.11
FEE0603,SCT211-0603/2022,Alyssa Briggs,CS001,SEM0520,65759.69,8203.94
FEE0604,SCT211-0604/2021,Brittany Horton,AFT2202,SEM0732,58840.99,26208.46
FEE0605,SCT211-0605/2021,Linda James,SE001,SEM1000,92062.08,69596.59
FEE0606,SCT211-0606/2023,Jeffrey Chandler,BCT2101,SEM0720,95575.8,33939.35
FEE0607,SCT211-0607/2021,James Simpson,CS001,SEM0090,75964.96,49571.06
FEE0608,SCT211-0608/2022,Sherry Martin,CS001,SEM0666,58083.09,11494.88
FEE0609,SCT211-0609/2021,Wyatt Hunt,PMI2203,SEM0905,51589.06,7906.82
FEE0610,SCT211-0610/2023,Karen Kemp PhD,BCT2101,SEM0003,89853.53,20864.72
FEE0611,SCT211-0611/2022,Evan Mckenzie,CS001,SEM0982,81957.57,72537.5
FEE0612,SCT211-0612/2021,Cynthia Rodriguez,AFT2202,SEM0553,81753.05,57654.87
FEE0613,SCT211-0613/2022,Miss Emily Perry MD,CS001,SEM0941,83977.54,21889.09
FEE0614,SCT211-0614/2024,Brooke Zamora,CS001,SEM0486,69250.29,58022.42
FEE0615,SCT211-0615/2024,Cody Soto,CS001,SEM0766,67072.61,33193.6
FEE0616,SCT211-0616/2023,Sean Dorsey,AFT2202,SEM0497,66039.32,48094.92
FEE0617,SCT211-0617/2021,Shelly Wallace,SE001,SEM0344,80926.09,67335.83
FEE0618,SCT211-0618/2023,Hayley Choi,IT001,SEM0445,95047.57,90969.68
FEE0619,SCT211-0619/2022,Tina Fritz,SE001,SEM0628,81328.81,62675.54
FEE0620,SCT211-0620/2021,Joel Mclaughlin,IT001,SEM0160,77401.56,74430.79
FEE0621,SCT211-0621/2021,Dr. Ronald Sexton,SE001,SEM0254,99905.15,51057.66
FEE0622,SCT211-0622/2022,Jennifer Turner,PMI2203,SEM0303,96050.58,47063.22
FEE0623,SCT211-0623/2022,Dr. Angela Orozco,CS001,SEM0498,55438.25,11036.42
FEE0624,SCT211-0624/2023,Kelli Wheeler,BCT2101,SEM0250,57465.22,33521.24
FEE0625,SCT211-0625/2023,Brian Meyer,SE001,SEM0860,66185.27,21775.73
FEE0626,SCT211-0626/2022,Scott Black,BCT2101,SEM0916,61875.11,32725.0
FEE0627,SCT211-0627/2021,Diana Frank MD,AFT2202,SEM0547,76544.34,7350.39
FEE0628,SCT211-0628/2024,Catherine Johnson,SE001,SEM0827,63866.31,16574.5
FEE0629,SCT211-0629/2021,Spencer Patel,SE001,SEM0384,56354.12,28701.95
FEE0630,SCT211-0630/2024,Christopher Jackson,BCT2101,SEM0653,85972.42,5698.21
FEE0631,SCT211-0631/2024,Robert Dougherty MD,SE001,SEM0680,61271.18,20866.4
FEE0632,SCT211-0632/2023,Mr. Sean Stevenson,CS001,SEM0787,79514.59,42548.73
FEE0633,SCT211-0633/2022,Patricia Hines,CS001,SEM0655,84378.27,444.5
FEE0634,SCT211-0634/2024,Brittany Evans,BCT2101,SEM0305,98587.9,18290.55
FEE0635,SCT211-0635/2023,John Mason,PMI2203,SEM0069,99603.81,89617.17
FEE0636,SCT211-0636/2023,Jenna Mitchell,CS001,SEM0366,86361.34,44750.93
FEE0637,SCT211-0637/2022,Dean Jones,IT001,SEM0551,83614.77,41250.84
FEE0638,SCT211-0638/2022,Ashley Dickerson,PMI2203,SEM0181,61074.09,32530.23
FEE0639,SCT211-0639/2022,Evan Lamb,PMI2203,SEM0221,61448.92,6149.65
FEE0640,SCT211-0640/2021,Joseph Meyer,AFT2202,SEM0563,59224.74,6902.12
FEE0641,SCT211-0641/2022,Greg Williams,CS001,SEM0460,76087.81,8514.8
FEE0642,SCT211-0642/2021,Emma Dorsey MD,BCT2101,SEM0092,81299.58,4304.01
FEE0643,SCT211-0643/2022,Garrett Lynn,CS001,SEM0372,95766.72,67376.61
FEE0644,SCT211-0644/2023,Michael Johnson,SE001,SEM0512,58245.23,52811.17
FEE0645,SCT211-0645/2024,Sonya Middleton,BCT2101,SEM0434,69123.21,17360.69
FEE0646,SCT211-0646/2021,Christine Atkins,CS001,SEM0689,58454.25,27151.87
FEE0647,SCT211-0647/2021,Carlos Sawyer,BCT2101,SEM0956,60673.32,36401.43
FEE0648,SCT211-0648/2023,Joshua Arnold,AFT2202,SEM0954,59584.82,50332.02
FEE0649,SCT211-0649/2022,Oscar Frank,CS001,SEM0429,71003.53,3086.8
FEE0650,SCT211-0650/2023,Chelsea Rose,IT001,SEM0292,69906.56,31953.24
FEE0651,SCT211-0651/2024,Joseph Cooper,IT001,SEM0673,89825.04,49138.05
FEE0652,SCT211-0652/2021,David Ingram,AFT2202,SEM0148,77657.65,35817.8
FEE0653,SCT211-0653/2022,Carol Robinson,CS001,SEM0316,64527.05,937.44
FEE0654,SCT211-0654/2023,Lisa Johnson,BCT2101,SEM0025,60409.85,15595.36
FEE0655,SCT211-0655/2021,Kelly Robertson,CS001,SEM0847,93138.09,6125.4
FEE0656,SCT211-0656/2024,Mr. Brian Williamson,IT001,SEM0658,57940.27,20596.3
FEE0657,SCT211-0657/2021,Anthony Gutierrez,PMI2203,SEM0573,88576.95,22413.8
FEE0658,SCT211-0658/2021,Patrick Goodwin,IT001,SEM0657,99667.47,67573.98
FEE0659,SCT211-0659/2022,John Jacobs,IT001,SEM0620,92051.23,87030.09
FEE0660,SCT211-0660/2021,Dr. Elizabeth Bailey,SE001,SEM0993,70412.5,19435.79
FEE0661,SCT211-0661/2023,Kevin Sharp,IT001,SEM0029,64032.12,10337.58
FEE0662,SCT211-0662/2024,Alexis Stewart,PMI2203,SEM0441,81889.03,77416.02
FEE0663,SCT211-0663/2022,Linda Davis,AFT2202,SEM0222,94079.59,25733.86
FEE0664,SCT211-0664/2021,Jonathan Morrison,PMI2203,SEM0645,70915.52,63431.58
FEE0665,SCT211-0665/2021,Jared Kramer,SE001,SEM0829,98714.79,63942.47
FEE0666,SCT211-0666/2021,Kenneth Walker,PMI2203,SEM0921,71525.4,38211.81
FEE0667,SCT211-0667/2024,Kelly Richardson,AFT2202,SEM0570,68672.46,39061.66
FEE0668,SCT211-0668/2023,Jose Marks,AFT2202,SEM0656,84828.37,65479.77
FEE0669,SCT211-0669/2021,Jamie Guzman,BCT2101,SEM0050,77289.55,61397.68
FEE0670,SCT211-0670/2022,Tiffany Swanson,IT001,SEM0229,55072.59,16790.58
FEE0671,SCT211-0671/2021,Timothy Moore,BCT2101,SEM0650,96180.22,6209.62
FEE0672,SCT211-0672/2021,Eric Parker,IT001,SEM0996,74697.4,4794.56
FEE0673,SCT211-0673/2021,John Hayes,BCT2101,SEM0442,67273.08,52069.89
FEE0674,SCT211-0674/2022,Christopher Bennett,CS001,SEM0311,66536.9,51909.56
FEE0675,SCT211-0675/2024,Robert Rodriguez,PMI2203,SEM0547,98781.52,88917.68
FEE0676,SCT211-0676/2023,Joseph Smith,IT001,SEM0829,94390.84,1149.5
FEE0677,SCT211-0677/2021,Daniel Arnold,IT001,SEM0680,65299.73,36695.03
FEE0678,SCT211-0678/2021,Sheila Jimenez,IT001,SEM0226,70062.68,18427.59
FEE0679,SCT211-0679/2022,Breanna Martin,PMI2203,SEM0509,62057.95,39462.87
FEE0680,SCT211-0680/2021,Gabrielle Daniels,SE001,SEM0231,87297.81,44462.78
FEE0681,SCT211-0681/2023,Margaret Osborne,SE001,SEM0088,67414.8,3393.53
FEE0682,SCT211-0682/2022,Megan Mills,SE001,SEM0589,91259.62,60139.13
FEE0683,SCT211-0683/2022,Andrea Baker,BCT2101,SEM0242,99254.66,58515.9
FEE0684,SCT211-0684/2022,Jasmine Wade,SE001,SEM0364,64993.74,12148.54
FEE0685,SCT211-0685/2024,Isaiah Kaiser,AFT2202,SEM0147,97785.15,4685.45
FEE0686,SCT211-0686/2023,Shawn Ramirez,BCT2101,SEM0655,75377.57,31753.59
FEE0687,SCT211-0687/2021,Sonya Adams,SE001,SEM0329,71094.4,1913.57
FEE0688,SCT211-0688/2024,Marcus Bailey,SE001,SEM0723,86622.01,19270.67
FEE0689,SCT211-0689/2021,Kelly Miller,IT001,SEM0796,51585.36,14094.76
FEE0690,SCT211-0690/2024,Charles Smith,SE001,SEM0195,52617.14,15510.99
FEE0691,SCT211-0691/2023,Micheal Hall,AFT2202,SEM0637,65656.01,16289.57
FEE0692,SCT211-0692/2024,Jaime Jones,BCT2101,SEM0002,94951.75,22756.18
FEE0693,SCT211-0693/2024,Anita Young,IT001,SEM0180,51987.94,7130.96
FEE0694,SCT211-0694/2021,Keith Pineda,SE001,SEM0593,66462.66,7311.3
FEE0695,SCT211-0695/2024,Steven Ryan,BCT2101,SEM0538,85449.58,65006.53
FEE0696,SCT211-0696/2021,Erica Garcia,SE001,SEM0299,89983.75,81472.04
FEE0697,SCT211-0697/2021,Devin Zhang,PMI2203,SEM0042,56153.02,46427.24
FEE0698,SCT211-0698/2022,Michael Mclaughlin,BCT2101,SEM0464,97818.83,49801.8
FEE0699,SCT211-0699/2023,Daniel Orr,CS001,SEM0868,62967.2,25438.22
FEE0700,SCT211-0700/2021,Larry Ayala,PMI2203,SEM0762,92931.6,68490.78
FEE0701,SCT211-0701/2021,Carol Stewart,IT001,SEM0955,64402.11,19024.12
FEE0702,SCT211-0702/2023,Jane Grant,AFT2202,SEM0856,93326.81,32492.43
FEE0703,SCT211-0703/2021,Angela Johnson,BCT2101,SEM0388,67728.31,7623.45
FEE0704,SCT211-0704/2022,Taylor Hall,SE001,SEM0374,98709.32,30027.96
FEE0705,SCT211-0705/2022,Jeanne Sanchez,SE001,SEM0271,97932.58,65412.7
FEE0706,SCT211-0706/2021,Linda Michael,CS001,SEM0426,90703.32,37481.7
FEE0707,SCT211-0707/2022,Brandon Downs,AFT2202,SEM0958,52094.82,45040.28
FEE0708,SCT211-0708/2021,Tiffany Barnett,IT001,SEM0102,88871.93,9719.6
FEE0709,SCT211-0709/2024,Dr. Anna Robinson MD,CS001,SEM0241,85436.92,6953.52
FEE0710,SCT211-0710/2021,Janet Jenkins,PMI2203,SEM0852,75393.14,47961.62
FEE0711,SCT211-0711/2021,John Booker,SE001,SEM0739,54393.88,53479.3
FEE0712,SCT211-0712/2023,Bryan Green,BCT2101,SEM0325,78523.26,44600.86
FEE0713,SCT211-0713/2024,Kelly Walker,IT001,SEM0106,89237.21,52854.17
FEE0714,SCT211-0714/2023,Destiny Blankenship,IT001,SEM0153,94846.78,72723.65
FEE0715,SCT211-0715/2024,Brandon Smith,AFT2202,SEM0532,74207.26,38591.41
FEE0716,SCT211-0716/2022,Robert Campos,AFT2202,SEM0363,78893.53,71867.08
FEE0717,SCT211-0717/2023,William Bender,CS001,SEM0382,60424.07,37201.87
FEE0718,SCT211-0718/2022,Brandi Jones,IT001,SEM0656,77440.71,30694.26
FEE0719,SCT211-0719/2023,John Blair,SE001,SEM0346,94384.82,14992.22
FEE0720,SCT211-0720/2023,Tyler Sparks,SE001,SEM0023,59560.05,6741.89
FEE0721,SCT211-0721/2023,Brianna Jones,BCT2101,SEM0147,67643.9,27330.44
FEE0722,SCT211-0722/2023,Marcus Kemp,SE001,SEM0321,95243.64,34301.08
FEE0723,SCT211-0723/2023,April Howard,IT001,SEM0004,69536.45,30842.66
FEE0724,SCT211-0724/2021,John Riley,IT001,SEM0160,72966.1,33934.35
FEE0725,SCT211-0725/2022,Tracy Raymond,CS001,SEM0151,70551.86,58980.15
FEE0726,SCT211-0726/2023,Barbara Hamilton,CS001,SEM0904,94036.23,79929.29
FEE0727,SCT211-0727/2022,Karen Greer,AFT2202,SEM0242,78785.0,4608.05
FEE0728,SCT211-0728/2023,Adam Young,AFT2202,SEM0793,91659.71,47164.0
FEE0729,SCT211-0729/2021,Jill Johnson,CS001,SEM0102,57741.11,17216.06
FEE0730,SCT211-0730/2023,John Woods,SE001,SEM0774,51557.64,12743.39
FEE0731,SCT211-0731/2021,Jennifer Anderson,IT001,SEM0942,77106.55,65532.47
FEE0732,SCT211-0732/2021,Noah Wagner,AFT2202,SEM0203,53886.03,28921.22
FEE0733,SCT211-0733/2022,Emily Foster,SE001,SEM0288,52723.21,20868.99
FEE0734,SCT211-0734/2024,Joseph Lewis,SE001,SEM0709,81040.21,5052.47
FEE0735,SCT211-0735/2022,Joshua Sampson,PMI2203,SEM0295,72584.57,8561.59
FEE0736,SCT211-0736/2022,Jesse Washington,SE001,SEM0500,68400.36,21975.52
FEE0737,SCT211-0737/2021,Timothy Rodriguez,BCT2101,SEM0049,99362.66,55925.18
FEE0738,SCT211-0738/2022,Raymond Lewis,PMI2203,SEM0938,77334.08,18717.5
FEE0739,SCT211-0739/2024,Matthew Warren,BCT2101,SEM0233,62998.63,61095.32
FEE0740,SCT211-0740/2022,Jessica King,PMI2203,SEM0921,89617.45,12273.1
FEE0741,SCT211-0741/2023,Heather Brewer,BCT2101,SEM0642,98538.14,65225.19
FEE0742,SCT211-0742/2022,Audrey Fields,AFT2202,SEM0750,58937.86,41214.61
FEE0743,SCT211-0743/2022,Caleb Jimenez,SE001,SEM0569,96982.91,73717.23
FEE0744,SCT211-0744/2024,Christopher Valentine,AFT2202,SEM0360,61480.69,17329.69
FEE0745,SCT211-0745/2023,Thomas Montgomery,PMI2203,SEM0797,77583.27,18509.35
FEE0746,SCT211-0746/2023,Kelsey Jones,IT001,SEM0631,61498.01,13014.59
FEE0747,SCT211-0747/2021,Rebekah Parsons,BCT2101,SEM0805,95743.76,58486.06
FEE0748,SCT211-0748/2023,Dr. Rebecca Wolfe,PMI2203,SEM0332,72803.52,56882.08
FEE0749,SCT211-0749/2022,Heather Brewer MD,BCT2101,SEM0913,61557.41,28250.3
FEE0750,SCT211-0750/2022,Michael Washington,PMI2203,SEM0429,63420.69,35028.3
FEE0751,SCT211-0751/2022,Anne Allen,AFT2202,SEM0725,70509.55,61473.94
FEE0752,SCT211-0752/2024,Joshua Fleming,PMI2203,SEM0465,52404.16,16577.48
FEE0753,SCT211-0753/2022,Travis Harris,PMI2203,SEM0608,62097.18,46793.19
FEE0754,SCT211-0754/2022,James Johnson,BCT2101,SEM0734,56125.55,46165.85
FEE0755,SCT211-0755/2023,Nicole Hamilton,IT001,SEM0275,96038.21,34956.01
FEE0756,SCT211-0756/2024,Donald Frederick,PMI2203,SEM0207,56717.86,28583.45
FEE0757,SCT211-0757/2024,Justin Fuller,SE001,SEM0384,91901.91,89949.73
FEE0758,SCT211-0758/2021,Susan Burgess,SE001,SEM0614,85486.88,23264.33
FEE0759,SCT211-0759/2023,Alan Peters,AFT2202,SEM0263,89317.07,16237.08
FEE0760,SCT211-0760/2021,David Cannon,BCT2101,SEM0243,66522.01,25457.14
FEE0761,SCT211-0761/2021,Alyssa Anderson,PMI2203,SEM0034,71513.03,22405.43
FEE0762,SCT211-0762/2023,Andrea Lee,SE001,SEM0665,84753.35,48309.71
FEE0763,SCT211-0763/2023,Misty Glover,CS001,SEM0307,54779.48,13580.28
FEE0764,SCT211-0764/2023,Brandon Martin,SE001,SEM0921,78832.89,35761.54
FEE0765,SCT211-0765/2021,Nathaniel Benitez,PMI2203,SEM0291,99480.72,21466.51
FEE0766,SCT211-0766/2023,Lisa Rogers,CS001,SEM0821,57257.86,18721.55
FEE0767,SCT211-0767/2022,Michael Huff,AFT2202,SEM0434,98583.06,93632.96
FEE0768,SCT211-0768/2024,Brandon Hamilton,AFT2202,SEM0895,78028.48,17779.41
FEE0769,SCT211-0769/2024,Stephanie Holmes,PMI2203,SEM0790,97141.1,70401.09
FEE0770,SCT211-0770/2024,Rebecca Weaver,CS001,SEM0923,65702.67,2554.02
FEE0771,SCT211-0771/2022,Adam Robbins,BCT2101,SEM0048,77359.15,72955.08
FEE0772,SCT211-0772/2023,Brandon Ali,BCT2101,SEM0496,56753.21,51842.86
FEE0773,SCT211-0773/2024,Gary Whitaker,BCT2101,SEM0891,82574.25,53389.02
FEE0774,SCT211-0774/2024,Anthony Ortega,BCT2101,SEM0638,58506.0,12794.22
FEE0775,SCT211-0775/2021,Maria Griffin,PMI2203,SEM0539,70774.28,62641.52
FEE0776,SCT211-0776/2023,Christina Prince,IT001,SEM0825,80433.37,19538.24
FEE0777,SCT211-0777/2024,Julia Marshall,PMI2203,SEM0083,61146.47,14811.0
FEE0778,SCT211-0778/2024,James Williamson,SE001,SEM0114,56635.45,32693.24
FEE0779,SCT211-0779/2023,Karl Kirby,IT001,SEM0805,51235.14,9591.0
FEE0780,SCT211-0780/2024,Vicki Olsen,IT001,SEM0053,52214.74,4856.04
FEE0781,SCT211-0781/2022,Ana Perry,SE001,SEM0648,66176.74,56136.61
FEE0782,SCT211-0782/2024,Kristin Ferguson,SE001,SEM0768,61973.28,52373.23
FEE0783,SCT211-0783/2023,Brittney Castillo,BCT2101,SEM0213,92934.01,26184.45
FEE0784,SCT211-0784/2022,Christina Hardy,PMI2203,SEM0245,86900.19,78516.54
FEE0785,SCT211-0785/2022,Christine Miller,PMI2203,SEM0924,51129.25,49244.41
FEE0786,SCT211-0786/2023,Andrea Nash,IT001,SEM0091,77257.37,48085.39
FEE0787,SCT211-0787/2023,Jose Oconnor,AFT2202,SEM0269,85811.68,5411.9
FEE0788,SCT211-0788/2023,Travis Bean,CS001,SEM0428,51872.02,11153.62
FEE0789,SCT211-0789/2023,Edward Smith,AFT2202,SEM0096,66839.21,8123.9
FEE0790,SCT211-0790/2024,Kimberly Cook,SE001,SEM0284,67273.16,1645.28
FEE0791,SCT211-0791/2021,Courtney Gordon,IT001,SEM0497,56670.47,50244.68
FEE0792,SCT211-0792/2024,Stephanie Marquez,BCT2101,SEM0778,72582.98,57833.87
FEE0793,SCT211-0793/2022,Nicole Stein,AFT2202,SEM0062,70662.3,13436.97
FEE0794,SCT211-0794/2022,Benjamin Young,SE001,SEM0424,69255.89,4503.62
FEE0795,SCT211-0795/2024,Melissa Ramsey,BCT2101,SEM0359,62569.08,3821.95
FEE0796,SCT211-0796/2023,Julie Harris,AFT2202,SEM0957,67390.33,61491.12
FEE0797,SCT211-0797/2023,Alexandria Marshall,AFT2202,SEM0364,96675.58,94692.99
FEE0798,SCT211-0798/2023,Phillip Ford,PMI2203,SEM0106,62867.65,39893.98
FEE0799,SCT211-0799/2024,James Turner,BCT2101,SEM0119,52892.88,17704.48
FEE0800,SCT211-0800/2022,Amanda Copeland,BCT2101,SEM0065,72373.64,15202.11
FEE0801,SCT211-0801/2023,Melissa Blankenship MD,BCT2101,SEM0535,53849.42,35279.68
FEE0802,SCT211-0802/2023,Carol Barron,PMI2203,SEM0289,58272.47,3764.79
FEE0803,SCT211-0803/2021,Kristi Wilkinson,SE001,SEM0938,98000.24,3517.02
FEE0804,SCT211-0804/2021,Dakota Weber,IT001,SEM0320,57626.73,51939.21
FEE0805,SCT211-0805/2024,Scott Gould,SE001,SEM0076,79707.17,49448.12
FEE0806,SCT211-0806/2022,Tracy Goodwin,CS001,SEM0328,85965.41,14745.66
FEE0807,SCT211-0807/2022,Christopher Gonzalez,SE001,SEM0008,59982.72,11753.65
FEE0808,SCT211-0808/2024,Kyle Baker,AFT2202,SEM0595,77482.1,50070.58
FEE0809,SCT211-0809/2024,Thomas Hunt,BCT2101,SEM0546,78018.81,18049.4
FEE0810,SCT211-0810/2022,James Suarez,AFT2202,SEM0548,80618.88,45467.59
FEE0811,SCT211-0811/2023,Yolanda Melendez,SE001,SEM0539,78892.64,61522.63
FEE0812,SCT211-0812/2024,Peter Cox,SE001,SEM0992,88673.3,63867.52
FEE0813,SCT211-0813/2024,Karen Jackson,AFT2202,SEM0428,65628.24,62238.06
FEE0814,SCT211-0814/2023,Christopher Haley,BCT2101,SEM0722,57632.12,29186.19
FEE0815,SCT211-0815/2024,Jeffrey Johnson,SE001,SEM0028,99920.04,92795.58
FEE0816,SCT211-0816/2023,Jennifer Andrews,AFT2202,SEM0208,98795.63,23813.05
FEE0817,SCT211-0817/2022,Jeffrey Jones,AFT2202,SEM0111,93509.22,15116.78
FEE0818,SCT211-0818/2022,Katherine Galloway,AFT2202,SEM0031,88264.97,64604.88
FEE0819,SCT211-0819/2024,Hector Pierce,SE001,SEM0504,85100.62,8306.22
FEE0820,SCT211-0820/2024,Marcus Hill,IT001,SEM0163,97982.39,3832.26
FEE0821,SCT211-0821/2023,Vanessa Simmons,PMI2203,SEM0781,74980.56,20980.16
FEE0822,SCT211-0822/2021,Albert Castillo,IT001,SEM0832,92946.37,4283.19
FEE0823,SCT211-0823/2022,Jessica Harris,IT001,SEM0583,95499.89,95131.79
FEE0824,SCT211-0824/2022,Tammy Myers,BCT2101,SEM0843,75452.89,57970.96
FEE0825,SCT211-0825/2024,Elizabeth Rivera,IT001,SEM0394,91584.14,66134.93
FEE0826,SCT211-0826/2023,Lisa Cooper,CS001,SEM0156,98821.51,93174.13
FEE0827,SCT211-0827/2024,Jeffrey Perez,AFT2202,SEM0347,67962.91,40973.97
FEE0828,SCT211-0828/2022,Anthony Mcdonald,SE001,SEM0715,52707.6,22366.96
FEE0829,SCT211-0829/2022,Alyssa Rivers,AFT2202,SEM0115,53651.98,27386.29
FEE0830,SCT211-0830/2023,Cindy Johnson,IT001,SEM0784,90666.97,4905.2
FEE0831,SCT211-0831/2024,Christina Martinez,CS001,SEM0837,96008.05,67326.3
FEE0832,SCT211-0832/2024,Jared Carroll,AFT2202,SEM0344,54019.76,1378.58
FEE0833,SCT211-0833/2021,Susan Hall,BCT2101,SEM0735,66741.49,7393.97
FEE0834,SCT211-0834/2021,Isaiah Rich,BCT2101,SEM0226,58967.86,7932.73
FEE0835,SCT211-0835/2022,Luis Roberts,IT001,SEM0167,85826.0,44618.94
FEE0836,SCT211-0836/2023,Ronald Browning,PMI2203,SEM0429,51764.39,39596.27
FEE0837,SCT211-0837/2022,Kathleen Weber,AFT2202,SEM0078,84936.62,29434.89
FEE0838,SCT211-0838/2024,John Davidson,IT001,SEM0349,52722.71,7480.57
FEE0839,SCT211-0839/2023,Candice Meadows,PMI2203,SEM0165,78323.32,10804.07
FEE0840,SCT211-0840/2023,Dr. Deborah Casey,PMI2203,SEM0828,99470.61,90906.55
FEE0841,SCT211-0841/2024,Timothy Barber,AFT2202,SEM0773,55588.84,9322.03
FEE0842,SCT211-0842/2024,Courtney Carson,IT001,SEM0697,94965.09,18092.5
FEE0843,SCT211-0843/2023,Judy Taylor,AFT2202,SEM0813,58494.58,52749.82
FEE0844,SCT211-0844/2021,Jordan Howell,IT001,SEM0153,95199.68,70128.45
FEE0845,SCT211-0845/2024,Jamie Williams,CS001,SEM0136,92868.5,56096.37
FEE0846,SCT211-0846/2023,Spencer Morton,AFT2202,SEM0491,60165.53,31399.08
FEE0847,SCT211-0847/2024,Christopher Ramsey,BCT2101,SEM0127,91036.15,42339.22
FEE0848,SCT211-0848/2024,Kevin Price,IT001,SEM0347,55822.7,6285.75
FEE0849,SCT211-0849/2023,Sharon Wallace,SE001,SEM0601,59024.94,32871.37
FEE0850,SCT211-0850/2021,Anne Chang,BCT2101,SEM0952,84758.17,54684.28
FEE0851,SCT211-0851/2022,Louis White,CS001,SEM0971,89138.18,8181.58
FEE0852,SCT211-0852/2021,Tammy Walsh DDS,PMI2203,SEM0946,76989.51,75989.86
FEE0853,SCT211-0853/2022,Jonathan Delacruz,IT001,SEM0116,73154.83,8341.28
FEE0854,SCT211-0854/2022,David Williams,IT001,SEM0675,69795.17,62020.12
FEE0855,SCT211-0855/2023,Cheryl Lewis,SE001,SEM0707,52436.21,48192.92
FEE0856,SCT211-0856/2022,James Campbell,IT001,SEM0816,50412.25,32307.61
FEE0857,SCT211-0857/2023,Michelle Burgess,IT001,SEM0825,62037.41,6928.33
FEE0858,SCT211-0858/2021,Michael Bentley,CS001,SEM0193,95700.75,80017.24
FEE0859,SCT211-0859/2024,Mitchell Anderson,PMI2203,SEM0309,89929.35,84027.36
FEE0860,SCT211-0860/2021,Robert Morris,IT001,SEM0495,69528.64,25652.65
FEE0861,SCT211-0861/2021,Christopher Rodriguez,BCT2101,SEM0293,81976.01,61335.79
FEE0862,SCT211-0862/2024,Melissa Johnson,SE001,SEM0833,96634.87,56915.08
FEE0863,SCT211-0863/2023,Daniel Ross,PMI2203,SEM0004,99022.14,64998.35
FEE0864,SCT211-0864/2022,Sarah Wilson,IT001,SEM0071,94254.26,2649.31
FEE0865,SCT211-0865/2021,Jacqueline Smith,IT001,SEM0529,92956.49,23323.67
FEE0866,SCT211-0866/2021,Elizabeth Bailey,BCT2101,SEM0813,89394.35,26763.65
FEE0867,SCT211-0867/2024,Becky Elliott,BCT2101,SEM0438,58881.54,8862.56
FEE0868,SCT211-0868/2024,Sherri Salinas,BCT2101,SEM0559,64837.38,47659.7
FEE0869,SCT211-0869/2023,Shannon Davenport,IT001,SEM0519,82062.4,32966.01
FEE0870,SCT211-0870/2021,Kathleen Scott,IT001,SEM0837,83186.42,38399.26
FEE0871,SCT211-0871/2021,Rodney Carpenter,PMI2203,SEM0596,56515.66,38794.75
FEE0872,SCT211-0872/2021,Paul Anderson,AFT2202,SEM0071,88083.83,3696.84
FEE0873,SCT211-0873/2023,Betty Houston,CS001,SEM0760,53071.5,39891.55
FEE0874,SCT211-0874/2022,Martin Harris,CS001,SEM0966,74496.8,52209.84
FEE0875,SCT211-0875/2021,Patricia Huffman,IT001,SEM0417,59943.08,55345.47
FEE0876,SCT211-0876/2024,Elizabeth Wade,SE001,SEM0713,71542.41,66430.36
FEE0877,SCT211-0877/2024,Rebecca Dunn,BCT2101,SEM0483,83294.51,4568.14
FEE0878,SCT211-0878/2022,Robert Jordan,SE001,SEM0409,50588.84,45598.58
FEE0879,SCT211-0879/2021,Colleen Evans,CS001,SEM0590,80717.51,80554.73
FEE0880,SCT211-0880/2023,William Porter,CS001,SEM0814,71163.42,63049.74
FEE0881,SCT211-0881/2023,Andrea Reyes,PMI2203,SEM0241,77758.99,13579.38
FEE0882,SCT211-0882/2021,Frances Williams,SE001,SEM0426,54997.0,51796.66
FEE0883,SCT211-0883/2022,Eric Ballard,PMI2203,SEM0899,94123.57,52827.21
FEE0884,SCT211-0884/2023,Justin Wells,BCT2101,SEM0876,95742.64,62698.43
FEE0885,SCT211-0885/2021,Carl Ross,SE001,SEM0419,53767.69,3998.4
FEE0886,SCT211-0886/2021,John Moore,IT001,SEM0984,98248.4,55909.55
FEE0887,SCT211-0887/2021,Michelle Ali,PMI2203,SEM0232,75630.25,12486.41
FEE0888,SCT211-0888/2022,Jennifer Brown,PMI2203,SEM0565,90090.38,6024.76
FEE0889,SCT211-0889/2022,Melissa Allen,AFT2202,SEM0492,90268.21,46659.1
FEE0890,SCT211-0890/2022,Richard Hart,CS001,SEM0541,87843.73,69582.13
FEE0891,SCT211-0891/2024,Stacie Oconnor,BCT2101,SEM0308,85630.67,76213.46
FEE0892,SCT211-0892/2023,Christopher Morgan,CS001,SEM0442,69850.05,6271.29
FEE0893,SCT211-0893/2021,Casey Walter,AFT2202,SEM0833,61772.07,25083.18
FEE0894,SCT211-0894/2023,Sue Hill,PMI2203,SEM0904,62504.61,5680.34
FEE0895,SCT211-0895/2023,Wendy Salinas,AFT2202,SEM0657,72184.85,18071.22
FEE0896,SCT211-0896/2022,Andrea Barnes,SE001,SEM0654,64639.66,64558.53
FEE0897,SCT211-0897/2023,Zachary Quinn,PMI2203,SEM0791,55798.06,45351.36
FEE0898,SCT211-0898/2022,Kristy Parker,IT001,SEM0064,81697.71,69615.92
FEE0899,SCT211-0899/2022,Nicholas Evans DVM,IT001,SEM0072,86350.99,6634.04
FEE0900,SCT211-0900/2023,Jennifer Green,SE001,SEM0288,61473.57,38240.54
FEE0901,SCT211-0901/2021,Nathan Mason,BCT2101,SEM0922,65064.47,60228.01
FEE0902,SCT211-0902/2023,Martin Walker,IT001,SEM0446,92959.25,63985.14
FEE0903,SCT211-0903/2024,Erin Lopez MD,BCT2101,SEM0460,73948.12,45458.47
FEE0904,SCT211-0904/2024,Brandon Smith,IT001,SEM0525,58796.17,51523.47
FEE0905,SCT211-0905/2023,Patricia Chavez,BCT2101,SEM0926,95986.05,7582.68
FEE0906,SCT211-0906/2023,Ronnie Davis,AFT2202,SEM0520,68389.48,48093.81
FEE0907,SCT211-0907/2021,Kimberly Schultz,BCT2101,SEM0851,57956.04,20258.28
FEE0908,SCT211-0908/2023,Spencer Vargas,BCT2101,SEM0674,97344.2,29783.78
FEE0909,SCT211-0909/2021,Maria Moore,CS001,SEM0969,63911.13,480.75
FEE0910,SCT211-0910/2021,Bethany Williams,PMI2203,SEM0012,60840.9,18122.3
FEE0911,SCT211-0911/2024,Timothy Pierce,AFT2202,SEM0991,90135.26,24906.66
FEE0912,SCT211-0912/2021,Diane Carroll,CS001,SEM0490,72411.8,60786.99
FEE0913,SCT211-0913/2023,Walter Arias,SE001,SEM0465,85041.6,18475.36
FEE0914,SCT211-0914/2024,Brianna Moon,CS001,SEM0484,85696.98,3026.45
FEE0915,SCT211-0915/2022,Anthony Hall,BCT2101,SEM0524,82418.59,9932.18
FEE0916,SCT211-0916/2023,Kayla Deleon,PMI2203,SEM0423,58464.67,42270.34
FEE0917,SCT211-0917/2024,Amber Ross,IT001,SEM0087,61286.97,44103.86
FEE0918,SCT211-0918/2024,Erin Howard,CS001,SEM0558,88389.18,52985.73
FEE0919,SCT211-0919/2021,Danielle Knapp,AFT2202,SEM0095,71626.46,57253.61
FEE0920,SCT211-0920/2024,Stephanie Jones,BCT2101,SEM0822,74388.98,71114.49
FEE0921,SCT211-0921/2022,Edward Hernandez,IT001,SEM0197,57225.69,31323.42
FEE0922,SCT211-0922/2023,Kenneth Garza,CS001,SEM0669,68025.8,45311.77
FEE0923,SCT211-0923/2024,Justin Martinez,IT001,SEM0208,88464.48,42458.65
FEE0924,SCT211-0924/2023,Allison Gibbs,BCT2101,SEM0771,89873.0,71313.64
FEE0925,SCT211-0925/2021,Christopher Cameron,PMI2203,SEM0867,89556.86,72442.08
FEE0926,SCT211-0926/2022,Carol Franklin,CS001,SEM0863,64356.13,21018.0
FEE0927,SCT211-0927/2021,Brian Webb,CS001,SEM0717,51486.51,48842.21
FEE0928,SCT211-0928/2022,Carol Pham,BCT2101,SEM0776,65641.89,26321.02
FEE0929,SCT211-0929/2023,Jeffrey Diaz,PMI2203,SEM0184,78157.85,40267.14
FEE0930,SCT211-0930/2022,Dana Howard,AFT2202,SEM0049,94112.29,77491.48
FEE0931,SCT211-0931/2024,William Malone,CS001,SEM0567,83055.29,55188.04
FEE0932,SCT211-0932/2021,Carmen Mcclain,BCT2101,SEM0937,50780.45,3165.95
FEE0933,SCT211-0933/2021,Casey Warren,PMI2203,SEM0141,64136.53,47187.77
FEE0934,SCT211-0934/2023,Robert Bautista,IT001,SEM0046,92366.53,41759.25
FEE0935,SCT211-0935/2022,Kristin Santos,AFT2202,SEM0617,99781.45,37623.23
FEE0936,SCT211-0936/2021,Jordan Montes,BCT2101,SEM0844,94791.79,68474.02
FEE0937,SCT211-0937/2022,Autumn Morgan,BCT2101,SEM0704,99354.41,91130.49
FEE0938,SCT211-0938/2023,Charles Doyle,SE001,SEM0371,90146.81,20215.04
FEE0939,SCT211-0939/2023,Margaret Dickson,CS001,SEM0469,67081.41,34454.75
FEE0940,SCT211-0940/2023,Jose Reeves,IT001,SEM0028,57782.14,12657.57
FEE0941,SCT211-0941/2021,Amanda Morrison,CS001,SEM0816,62797.88,24438.51
FEE0942,SCT211-0942/2022,Betty Barr,PMI2203,SEM0386,83814.56,23526.61
FEE0943,SCT211-0943/2022,Joseph Proctor,PMI2203,SEM0860,77284.76,54124.12
FEE0944,SCT211-0944/2021,Michael Brown,SE001,SEM0205,78656.55,59310.46
FEE0945,SCT211-0945/2022,Heidi Coleman,SE001,SEM0302,85740.82,16872.03
FEE0946,SCT211-0946/2023,Daniel Good,IT001,SEM0870,76717.44,51562.44
FEE0947,SCT211-0947/2024,Michael Johnson,BCT2101,SEM0212,67784.75,38995.1
FEE0948,SCT211-0948/2022,Kimberly Haynes,PMI2203,SEM0139,52094.91,14617.98
FEE0949,SCT211-0949/2021,Gerald Estes,AFT2202,SEM0876,94165.41,77120.45
FEE0950,SCT211-0950/2023,Michelle Khan,PMI2203,SEM0107,62420.52,26479.54
FEE0951,SCT211-0951/2024,Patrick Thompson,BCT2101,SEM0594,52694.89,36870.54
FEE0952,SCT211-0952/2021,Danny King,PMI2203,SEM0889,77924.13,11162.87
FEE0953,SCT211-0953/2021,Jacqueline Winters,PMI2203,SEM0880,87390.57,56819.71
FEE0954,SCT211-0954/2022,Caroline Wells,IT001,SEM0043,61044.14,36334.95
FEE0955,SCT211-0955/2021,Victoria Lee,PMI2203,SEM0642,92987.33,28143.64
FEE0956,SCT211-0956/2022,Matthew Jordan,SE001,SEM0556,73259.2,33444.14
FEE0957,SCT211-0957/2023,Erica Shelton,IT001,SEM0186,50700.53,44729.93
FEE0958,SCT211-0958/2024,Andrew Johnson,SE001,SEM0826,86081.73,71302.78
FEE0959,SCT211-0959/2022,Rebecca Williams,BCT2101,SEM0736,67967.97,40152.42
FEE0960,SCT211-0960/2022,Daniel Hawkins,IT001,SEM0890,64213.55,21150.37
FEE0961,SCT211-0961/2024,Krista Williams,CS001,SEM0448,67924.44,38297.96
FEE0962,SCT211-0962/2022,Cheyenne Herrera,PMI2203,SEM0520,84320.26,7939.38
FEE0963,SCT211-0963/2021,Paula Duke,SE001,SEM0706,74331.97,73285.0
FEE0964,SCT211-0964/2024,Charles Stanley,BCT2101,SEM0306,89794.13,21422.82
FEE0965,SCT211-0965/2023,Kristina Marquez DVM,CS001,SEM0892,51752.92,34550.06
FEE0966,SCT211-0966/2024,Nicole Bradshaw,IT001,SEM0007,93749.37,26148.42
FEE0967,SCT211-0967/2023,Benjamin Bolton,PMI2203,SEM0086,65247.96,51520.77
FEE0968,SCT211-0968/2021,David Phillips,IT001,SEM0606,61304.82,6615.52
FEE0969,SCT211-0969/2024,Donna Jackson,AFT2202,SEM0468,85057.71,36159.31
FEE0970,SCT211-0970/2024,Aaron Cannon,IT001,SEM0398,86809.97,46243.61
FEE0971,SCT211-0971/2021,Andrea Young,IT001,SEM0474,87229.8,77467.01
FEE0972,SCT211-0972/2021,Ryan Gould,CS001,SEM0815,90223.68,43798.75
FEE0973,SCT211-0973/2022,Vincent Johnson,IT001,SEM0738,68288.7,6259.35
FEE0974,SCT211-0974/2023,Brian Brown,AFT2202,SEM0893,51617.68,33121.75
FEE0975,SCT211-0975/2021,Dr. Paul Savage,PMI2203,SEM0294,78375.3,731.42
FEE0976,SCT211-0976/2021,Daniel Khan,SE001,SEM0901,51146.16,2205.6
FEE0977,SCT211-0977/2024,Kimberly Obrien,AFT2202,SEM0871,59221.89,51733.32
FEE0978,SCT211-0978/2022,Lisa Johnson MD,AFT2202,SEM0744,69571.46,43455.9
FEE0979,SCT211-0979/2021,Elizabeth Hernandez MD,PMI2203,SEM0211,83587.94,71497.34
FEE0980,SCT211-0980/2021,Margaret Nunez,CS001,SEM0395,65783.84,46782.33
FEE0981,SCT211-0981/2021,Mary Schroeder,BCT2101,SEM0756,74842.95,43240.82
FEE0982,SCT211-0982/2021,Rebecca Chen,AFT2202,SEM0528,88698.17,51940.56
FEE0983,SCT211-0983/2021,Lisa Morrison,BCT2101,SEM0232,78467.25,30484.93
FEE0984,SCT211-0984/2021,Lauren Boyd,SE001,SEM0644,97550.24,38153.85
FEE0985,SCT211-0985/2022,Sharon Parker,CS001,SEM0465,58528.8,30064.57
FEE0986,SCT211-0986/2021,Daniel Green,IT001,SEM0331,86437.88,51855.73
FEE0987,SCT211-0987/2022,Kelly Walters,IT001,SEM0465,75905.54,60503.6
FEE0988,SCT211-0988/2024,Megan Rogers,AFT2202,SEM0992,88316.06,81630.05
FEE0989,SCT211-0989/2021,Patricia Young,AFT2202,SEM0603,64608.24,13839.19
FEE0990,SCT211-0990/2022,Jerry Martinez,BCT2101,SEM0853,92764.42,21673.29
FEE0991,SCT211-0991/2022,Amy Jones,PMI2203,SEM0070,81273.27,12959.69
FEE0992,SCT211-0992/2021,Eric Jackson,AFT2202,SEM0669,76736.65,27288.65
FEE0993,SCT211-0993/2021,Juan Burton,IT001,SEM0334,85683.84,52814.29
FEE0994,SCT211-0994/2024,Bobby Pope,PMI2203,SEM0877,85096.38,47089.68
FEE0995,SCT211-0995/2021,James Harper,PMI2203,SEM0110,82026.58,59809.15
FEE0996,SCT211-0996/2023,John Mason,BCT2101,SEM0606,82213.3,7145.31
FEE0997,SCT211-0997/2021,Gloria Curtis,SE001,SEM0834,97508.86,90563.85
FEE0998,SCT211-0998/2024,Emily Sanchez,BCT2101,SEM0563,97741.36,30821.14
FEE0999,SCT211-0999/2023,Jose Wilson,IT001,SEM0435,68838.55,59284.01
FEE1000,SCT211-1000/2022,Christina Brown,PMI2203,SEM0577,63791.75,57146.03
